journal_issn,journal_title,snip_latest
0001-0782,Communications of the ACM,3.01414130932734
0001-1452,AIAA Journal,1.30854658287369
0001-1541,AICHE Journal,1.1617454216392
0001-4346,Mathematical Notes,0.863770630588359
0001-4575,Accident Analysis and Prevention,2.30067698862861
0001-4966,Journal of the Acoustical Society of America,1.19504866666911
0001-5903,Acta Informatica,1.41503171698125
0001-6969,Acta Scientiarum Mathematicarum,0.873495689314808
0001-8678,Advances in Applied Probability,0.994308947939432
0001-8708,Advances in Mathematics,2.06940964421886
0001-8732,Advances in Physics,5.59810836024503
0001-9240,Aeronautical Journal,0.783451944630517
0002-1962,Agronomy Journal,1.17556475373073
0002-5240,Algebra Universalis,0.962347193492282
0002-7642,American Behavioral Scientist,1.65576855878901
0002-9505,American Journal of Physics,0.973203730995829
0002-9890,American Mathematical Monthly,1.02477651308436
0002-9939,Proceedings of the American Mathematical Society,1.05300296744409
0002-9947,Transactions of the American Mathematical Society,1.73390350368668
0003-1224,American Sociological Review,6.40899145520275
0003-1305,American Statistician,3.69913219875
0003-2700,Analytical Chemistry,1.42087264936848
0003-3804,Annalen der Physik,0.84855905358831
0003-4347,Annales des Telecommunications/Annals of Telecommunications,0.690018728817978
0003-486X,Annals of Mathematics,10.0767705229169
0003-4916,Annals of Physics,1.02895928527958
0003-6811,Applicable Analysis,0.956492311956385
0003-682X,Applied Acoustics,1.6867365783745
0003-6951,Applied Physics Letters,1.11869320137847
0003-9527,Archive for Rational Mechanics and Analysis,2.24570619863364
0004-3702,Artificial Intelligence,3.1303391263481
0004-5411,Journal of the ACM,2.8529104960361
0004-6256,Astronomical Journal,1.15975440794787
0004-6280,Publications of the Astronomical Society of the Pacific,1.28069332215606
0004-6337,Astronomische Nachrichten,0.38803270381556
0004-6361,Astronomy and Astrophysics,1.22610151503696
0004-637X,Astrophysical Journal,1.10482549921016
0004-640X,Astrophysics and Space Science,0.733472979723527
0004-9182,Australian Geographer,1.29098331125202
0005-1098,Automatica,2.54523624042081
0005-1144,Automatika,0.737938964922474
0005-1179,Automation and Remote Control,0.738441668031236
0006-291X,Biochemical and Biophysical Research Communications,0.723290057559602
0006-341X,Biometrics,1.43611582817465
0006-3835,BIT Numerical Mathematics,1.36384341707683
0007-0882,British Journal for the Philosophy of Science,4.32049247356643
0007-4497,Bulletin des Sciences Mathematiques,1.07018309104665
0007-8506,CIRP Annals - Manufacturing Technology,2.34202877016751
0008-0624,Calcolo,1.67972801255075
0008-414X,Canadian Journal of Mathematics,1.78055268638892
0008-4395,Canadian Mathematical Bulletin,1.11850858197173
0008-7041,Cartographic Journal,0.761371377996779
0009-2509,Chemical Engineering Science,1.37476655452255
0009-9260,Clinical Radiology,1.09024878886895
0010-0277,Cognition,1.9268715741442
0010-0757,Collectanea Mathematica,1.23087530685737
0010-1354,Colloquium Mathematicum,0.917567742310859
0010-3616,Communications in Mathematical Physics,1.69717202294055
0010-4485,CAD Computer Aided Design,1.53571134811675
0010-4620,Computer Journal,0.879983754821165
0010-4655,Computer Physics Communications,2.23781447516959
0010-4825,Computers in Biology and Medicine,1.94464114385645
0010-485X,Computing (Vienna/New York),1.28565297864306
0010-7514,Contemporary Physics,1.61690366142553
0011-3891,Current Science,0.677097105280891
0012-365X,Discrete Mathematics,1.23870004428833
0013-0915,Proceedings of the Edinburgh Mathematical Society,1.04654575684988
0013-5194,Electronics Letters,0.601737116292676
0013-7944,Engineering Fracture Mechanics,1.7160628268004
0014-2921,European Economic Review,1.71594954429965
0015-2684,Fire Technology,1.94731294022048
0015-752X,Forestry,1.13268803736777
0015-8208,Fortschritte der Physik,1.27497469870337
0015-9018,Foundations of Physics,0.956440037834662
0016-0032,Journal of the Franklin Institute,1.21252580044418
0016-2361,Fuel,1.90584666273799
0018-1560,Higher Education,3.08845596822286
0018-6368,Houille Blanche,0.206566337753171
0018-9162,Computer,1.6725075366637
0018-9200,IEEE Journal of Solid-State Circuits,2.64322952054865
0018-9219,Proceedings of the IEEE,4.36609996027683
0018-9251,IEEE Transactions on Aerospace and Electronic Systems,1.70981462718564
0018-926X,IEEE Transactions on Antennas and Propagation,1.94811279700978
0018-9286,IEEE Transactions on Automatic Control,2.65149756831483
0018-9294,IEEE Transactions on Biomedical Engineering,1.83524746566349
0018-9316,IEEE Transactions on Broadcasting,1.97066312573807
0018-9340,IEEE Transactions on Computers,1.7071263508406
0018-9359,IEEE Transactions on Education,2.45325738677882
0018-9383,IEEE Transactions on Electron Devices,1.36363901089937
0018-9391,IEEE Transactions on Engineering Management,1.38791802570509
0018-9448,IEEE Transactions on Information Theory,1.73502047730278
0018-9456,IEEE Transactions on Instrumentation and Measurement,1.98182343282314
0018-9464,IEEE Transactions on Magnetics,1.06566395702576
0018-9480,IEEE Transactions on Microwave Theory and Techniques,1.81109973800848
0018-9499,IEEE Transactions on Nuclear Science,1.15921232037059
0018-9529,IEEE Transactions on Reliability,2.1960895831461
0018-9545,IEEE Transactions on Vehicular Technology,1.89391377574401
0019-0578,ISA Transactions,1.85104940947631
0019-1035,Icarus,1.22883523130039
0019-3577,Indagationes Mathematicae,1.23138174776631
0019-5588,Indian Journal of Pure and Applied Mathematics,0.608787487250192
0020-0190,Information Processing Letters,0.803919731822145
0020-0255,Information Sciences,2.40418426082421
0020-174X,Inquiry (United Kingdom),1.48088821518939
0020-7047,International Journal for Philosophy of Religion,1.87435436097819
0020-7160,International Journal of Computer Mathematics,1.06473870957408
0020-7179,International Journal of Control,1.15265500211277
0020-7217,International Journal of Electronics,0.744977063617336
0020-7225,International Journal of Engineering Science,1.80931942171365
0020-7276,International Journal of Game Theory,0.752244192213251
0020-7462,International Journal of Non-Linear Mechanics,1.25196203504831
0020-7543,International Journal of Production Research,2.90121607093786
0020-7721,International Journal of Systems Science,0.715797758005049
0020-7748,International Journal of Theoretical Physics,0.615625161994828
0021-2172,Israel Journal of Mathematics,1.2732213879236
0021-4922,Japanese Journal of Applied Physics,0.611655147129213
0021-8464,Journal of Adhesion,1.19019065358687
0021-8693,Journal of Algebra,1.33902128618781
0021-8936,"Journal of Applied Mechanics, Transactions ASME",0.907947217454344
0021-8979,Journal of Applied Physics,0.963802760872601
0021-9002,Journal of Applied Probability,1.0909514198928
0021-9045,Journal of Approximation Theory,1.29531610769981
0021-9142,Journal of the Astronautical Sciences,1.01645505515648
0021-9568,Journal of Chemical & Engineering Data,0.879728052604501
0021-9606,Journal of Chemical Physics,1.07248476735622
0021-9673,Journal of Chromatography A,1.09806784774238
0021-9797,Journal of Colloid and Interface Science,1.35146863741368
0021-9916,Journal of Communication,3.55470887790981
0021-9991,Journal of Computational Physics,1.93301913337755
0022-0000,Journal of Computer and System Sciences,1.30467360970077
0022-0418,Journal of Documentation,1.55661496791611
0022-0434,"Journal of Dynamic Systems, Measurement and Control, Transactions of the ASME",0.891429877417182
0022-0531,Journal of Economic Theory,1.73699702610136
0022-1120,Journal of Fluid Mechanics,1.78978951165044
0022-1198,Journal of Forensic Sciences,1.04824447929771
0022-1236,Journal of Functional Analysis,1.88319800464191
0022-1694,Journal of Hydrology,1.85694832367151
0022-247X,Journal of Mathematical Analysis and Applications,1.26245661778091
0022-2488,Journal of Mathematical Physics,0.983510325546696
0022-2496,Journal of Mathematical Psychology,1.17988538468772
0022-250X,Journal of Mathematical Sociology,1.10892659132082
0022-314X,Journal of Number Theory,1.14621635669037
0022-3239,Journal of Optimization Theory and Applications,1.35570199122658
0022-3611,Journal of Philosophical Logic,2.72910735233722
0022-3727,Journal Physics D: Applied Physics,0.999291354769951
0022-3808,Journal of Political Economy,7.20366798022697
0022-4049,Journal of Pure and Applied Algebra,1.22259776745146
0022-4065,Journal of Quality Technology,1.7558945386344
0022-460X,Journal of Sound and Vibration,1.96309979503398
0022-4715,Journal of Statistical Physics,0.989065457657517
0022-4812,Journal of Symbolic Logic,1.16447675946002
0022-4898,Journal of Terramechanics,1.61548719898695
0022-5010,Journal of the History of Biology,1.09531762642949
0022-5096,Journal of the Mechanics and Physics of Solids,1.85036377135011
0022-5193,Journal of Theoretical Biology,0.808601960500646
0023-5954,Kybernetika,0.483643515423228
0024-094X,Leonardo,0.376702009098221
0024-3795,Linear Algebra and Its Applications,1.51551932149302
0024-6093,Bulletin of the London Mathematical Society,1.50742430977837
0024-6107,Journal of the London Mathematical Society,1.2252665845856
0024-6115,Proceedings of the London Mathematical Society,2.07007502218317
0025-1909,Management Science,3.18536752823194
0025-326X,Marine Pollution Bulletin,1.5170773950193
0025-5610,Mathematical Programming,2.52218116061988
0025-5718,Mathematics of Computation,1.99367078429129
0025-5793,Mathematika,0.960777219051363
0026-1068,Metaphilosophy,1.20240807938722
0026-1424,Metron,0.810413528731592
0026-2714,Microelectronics Reliability,0.851012774374816
0026-8976,Molecular Physics,0.616480345294394
0027-8424,Proceedings of the National Academy of Sciences of the United States of America,3.06250660316765
0028-0836,Nature,11.3420785367819
0028-3045,Networks,1.60335844591979
0029-4527,Notre Dame Journal of Formal Logic,1.24897391184245
0029-5981,International Journal for Numerical Methods in Engineering,1.28498345216996
0029-599X,Numerische Mathematik,1.62138501636667
0029-8018,Ocean Engineering,2.09497503792033
0030-364X,Operations Research,2.10301282966187
0030-4018,Optics Communications,0.88177270810411
0030-4026,Optik,0.882639245805674
0031-3203,Pattern Recognition,3.08879778584076
0031-8205,Philosophy and Phenomenological Research,3.49320462002321
0031-8248,Philosophy of Science,1.58185268799186
0031-8949,Physica Scripta,0.908743919097421
0031-9007,Physical Review Letters,2.28644204505029
0031-9015,Journal of the Physical Society of Japan,0.709018472657642
0031-9155,Physics in Medicine and Biology,1.26254469566969
0032-2687,Policy Sciences,2.63155123730436
0032-5910,Powder Technology,1.66768669800531
0032-9460,Problems of Information Transmission,1.19018303285204
0033-5177,Quality and Quantity,2.24781096893235
0033-569X,Quarterly of Applied Mathematics,0.628018062638514
0033-6807,R and D Management,1.87699820213449
0034-4257,Remote Sensing of Environment,3.25218393769099
0034-4877,Reports on Mathematical Physics,0.72548216601081
0034-6527,Review of Economic Studies,5.20376769443101
0034-6535,Review of Economics and Statistics,4.48385871046241
0034-6861,Reviews of Modern Physics,16.2619933376647
0035-8711,Monthly Notices of the Royal Astronomical Society,0.998587726041654
0035-9254,Journal of the Royal Statistical Society. Series C: Applied Statistics,1.2935358711414
0036-0279,Russian Mathematical Surveys,1.22048917281217
0036-1399,SIAM Journal on Applied Mathematics,1.18653987297819
0036-1410,SIAM Journal on Mathematical Analysis,1.51014895902002
0036-1429,SIAM Journal on Numerical Analysis,1.73857843071813
0036-1445,SIAM Review,6.3061199224436
0036-8075,Science,9.11552677630541
0037-1912,Semigroup Forum,1.02523078755143
0038-0644,Software - Practice and Experience,1.11894740286019
0038-092X,Solar Energy,1.66782919437862
0038-0938,Solar Physics,1.07229373969345
0038-1101,Solid-State Electronics,0.789536931930962
0039-0402,Statistica Neerlandica,1.23932205818071
0039-2480,Strojniski Vestnik/Journal of Mechanical Engineering,0.599801023589377
0039-3215,Studia Logica,1.64800801460563
0039-7857,Synthese,2.61243675472474
0039-9140,Talanta,1.18555895971852
0040-1625,Technological Forecasting and Social Change,3.09730418262996
0040-5779,Theoretical and Mathematical Physics(Russian Federation),0.6386179532193
0040-5833,Theory and Decision,0.984363279411075
0040-8735,Tohoku Mathematical Journal,0.706848331396425
0041-1655,Transportation Science,2.29232837473046
0041-624X,Ultrasonics,1.5934411330662
0042-3114,Vehicle System Dynamics,2.545102401858
0042-6989,Vision Research,0.957946654954939
0043-1354,Water Research,2.49895501657613
0043-1397,Water Resources Research,1.67278855747453
0044-2267,ZAMM Zeitschrift fur Angewandte Mathematik und Mechanik,1.00325043025058
0045-7825,Computer Methods in Applied Mechanics and Engineering,2.03877532829834
0045-7906,Computers and Electrical Engineering,1.75515325471463
0045-7930,Computers and Fluids,1.40598062461465
0045-7949,Computers and Structures,2.04019343660557
0046-5755,Geometriae Dedicata,0.93615521706153
0047-2352,Journal of Criminal Justice,1.90257653587525
0047-259X,Journal of Multivariate Analysis,1.32729349420033
0048-5829,Public Choice,1.47335540465434
0048-6604,Radio Science,0.957712363293343
0048-7333,Research Policy,3.622623130627
0049-4488,Transportation,1.86652229885736
0065-1036,Acta Arithmetica,1.01234809127618
0065-9266,Memoirs of the American Mathematical Society,2.90920311734881
0067-0049,"Astrophysical Journal, Supplement Series",2.33895446847963
0077-8923,Annals of the New York Academy of Sciences,1.9317056854783
0079-6107,Progress in Biophysics and Molecular Biology,1.20896307692575
0090-5364,Annals of Statistics,3.85582109697679
0090-6964,Annals of Biomedical Engineering,1.42253484532103
0091-1798,Annals of Probability,2.32984013247401
0091-3286,Optical Engineering,0.702011968520725
0092-7872,Communications in Algebra,0.992152132824847
0092-8240,Bulletin of Mathematical Biology,0.910430224009544
0093-6502,Communication Research,3.01087278117283
0093-9994,IEEE Transactions on Industry Applications,1.76577467978078
0094-114X,Mechanism and Machine Theory,2.29429924091267
0094-2405,Medical Physics,1.52329260299472
0094-5765,Acta Astronautica,1.55039760949947
0094-8276,Geophysical Research Letters,1.52365897466773
0094-9655,Journal of Statistical Computation and Simulation,1.26096438014658
0095-4470,Journal of Phonetics,2.59162240469087
0095-4616,Applied Mathematics and Optimization,1.57170436708932
0095-8956,Journal of Combinatorial Theory. Series B,2.00257405498234
0096-3003,Applied Mathematics and Computation,1.66046645228008
0097-3165,Journal of Combinatorial Theory - Series A,1.79510953875333
0097-5397,SIAM Journal on Computing,1.92123100311544
0097-8493,Computers and Graphics,1.06994346069667
0098-1354,Computers and Chemical Engineering,1.44075256420193
0098-3004,Computers and Geosciences,1.66435306824462
0098-3063,IEEE Transactions on Consumer Electronics,1.6021970553247
0098-3500,ACM Transactions on Mathematical Software,1.89673521425703
0098-5589,IEEE Transactions on Software Engineering,3.35512515933427
0099-1333,Journal of Academic Librarianship,1.43007876169673
0129-0541,International Journal of Foundations of Computer Science,0.684983678628501
0129-055X,Reviews in Mathematical Physics,1.04945020772887
0129-0657,International Journal of Neural Systems,1.56291239192698
0129-1831,International Journal of Modern Physics C,0.509537096330379
0129-6264,Parallel Processing Letters,0.357524876980586
0134-2452,Computer Optics,0.996863070755579
0138-4821,Beitrage zur Algebra und Geometrie,0.999635876640978
0138-9130,Scientometrics,1.62031108857449
0140-0118,Medical and Biological Engineering and Computing,1.14531985650097
0140-525X,Behavioral and Brain Sciences,0.368490926921543
0140-9883,Energy Economics,2.34666204592242
0141-0296,Engineering Structures,2.40595622961021
0141-9331,Microprocessors and Microsystems,1.73017157896901
0141-9382,Displays,1.31872723552059
0142-0615,International Journal of Electrical Power and Energy Systems,1.58128406871663
0142-3312,Transactions of the Institute of Measurement and Control,0.787891278356767
0143-1161,International Journal of Remote Sensing,1.14549462611271
0143-2087,Optimal Control Applications and Methods,0.896878386491176
0143-3857,Ergodic Theory and Dynamical Systems,1.36192480342179
0143-4632,Journal of Multilingual and Multicultural Development,1.64173507874048
0143-991X,Industrial Robot,0.718589856250254
0144-929X,Behaviour and Information Technology,1.38726624412246
0145-7632,Heat Transfer Engineering,1.2525646466722
0146-4116,Automatic Control and Computer Sciences,0.6568584880576
0146-4833,Computer Communication Review,1.1261800800168
0146-8030,Fiber and Integrated Optics,0.499313346902444
0146-9592,Optics Letters,1.34251775036882
0148-396X,Neurosurgery,1.76487565640369
0148-5598,Journal of Medical Systems,1.74153945708164
0148-9267,Computer Music Journal,1.07124013320275
0160-5682,Journal of the Operational Research Society,1.32220499005191
0161-1194,Cryptologia,1.98461538461538
0161-6420,Ophthalmology,4.8087580404374
0162-1459,Journal of the American Statistical Association,3.78609810038641
0162-3257,Journal of Autism and Developmental Disorders,1.86156529860555
0162-8828,IEEE Transactions on Pattern Analysis and Machine Intelligence,7.33767581878428
0163-0563,Numerical Functional Analysis and Optimization,0.989519234632869
0163-5808,SIGMOD Record,0.965663643044775
0163-5980,Operating Systems Review (ACM),0.693226366744364
0163-5999,Performance Evaluation Review,0.35747434776941
0163-6804,IEEE Communications Magazine,3.54217868622115
0163-9374,Cataloging and Classification Quarterly,1.3972889592188
0164-0925,ACM Transactions on Programming Languages and Systems,1.48842674846484
0164-1212,Journal of Systems and Software,2.15656514581662
0165-0114,Fuzzy Sets and Systems,1.89773713654872
0165-0270,Journal of Neuroscience Methods,0.884302874174329
0165-1684,Signal Processing,1.70057306463217
0165-1765,Economics Letters,1.08547491260159
0165-1889,Journal of Economic Dynamics and Control,1.23159018860743
0165-2125,Wave Motion,1.14680256273263
0165-232X,Cold Regions Science and Technology,1.92759487574015
0165-4896,Mathematical Social Sciences,0.925964756351229
0165-5515,Journal of Information Science,1.63089691047702
0165-7836,Fisheries Research,1.24670086899393
0166-218X,Discrete Applied Mathematics,1.30095263292454
0166-2236,Trends in Neurosciences,3.11732132361986
0166-3615,Computers in Industry,3.44807274768032
0166-4328,Behavioural Brain Research,0.904108183500987
0166-4972,Technovation,3.50105563035032
0166-5316,Performance Evaluation,1.47616057488359
0166-8641,Topology and its Applications,0.900164019898772
0167-2789,Physica D: Nonlinear Phenomena,1.45635404639287
0167-4048,Computers and Security,2.30189940320729
0167-4730,Structural Safety,2.50395696227694
0167-6377,Operations Research Letters,0.974100471859588
0167-6393,Speech Communication,1.32230257288385
0167-6423,Science of Computer Programming,1.00839191151768
0167-6911,Systems and Control Letters,1.52376665243643
0167-7055,Computer Graphics Forum,1.29000998233866
0167-7152,Statistics and Probability Letters,0.878022418674071
0167-739X,Future Generation Computer Systems,2.69851268912508
0167-7411,Topoi,1.80068896502622
0167-8019,Acta Applicandae Mathematicae,0.953821179795606
0167-8094,Order,1.2449407916383
0167-8191,Parallel Computing,0.802087594034661
0167-8396,Computer Aided Geometric Design,1.11827021100086
0167-8442,Theoretical and Applied Fracture Mechanics,1.41446188345303
0167-8655,Pattern Recognition Letters,1.78636530912229
0167-9236,Decision Support Systems,2.66051349939623
0167-9260,"Integration, the VLSI Journal",0.842842767672336
0167-9473,Computational Statistics and Data Analysis,1.5234991049393
0168-0072,Annals of Pure and Applied Logic,1.47592773028825
0168-1699,Computers and Electronics in Agriculture,2.37981714413842
0168-7433,Journal of Automated Reasoning,1.41123486675961
0168-874X,Finite Elements in Analysis and Design,1.12418750965354
0168-9002,"Nuclear Instruments and Methods in Physics Research, Section A: Accelerators, Spectrometers, Detectors and Associated Equipment",0.944063099272315
0168-9274,Applied Numerical Mathematics,1.29134226580872
0169-023X,Data and Knowledge Engineering,1.21897662212276
0169-1864,Advanced Robotics,1.0134470499856
0169-2070,International Journal of Forecasting,2.79189489189984
0169-2607,Computer Methods and Programs in Biomedicine,2.07889696451326
0169-2968,Fundamenta Informaticae,0.767494379587684
0169-4332,Applied Surface Science,1.26238849263721
0169-555X,Geomorphology,1.50366849433224
0169-7439,Chemometrics and Intelligent Laboratory Systems,1.31557049958794
0169-8141,International Journal of Industrial Ergonomics,1.65750655738629
0170-4214,Mathematical Methods in the Applied Sciences,1.14803330905522
0170-6012,Informatik-Spektrum,0.271943342536302
0171-6468,OR Spectrum,1.1069269944961
0176-1714,Social Choice and Welfare,1.08689884069026
0176-4268,Journal of Classification,0.889501624597974
0176-4276,Constructive Approximation,1.59800086689858
0177-0667,Engineering with Computers,1.86228099344137
0178-2770,Distributed Computing,1.38224181697043
0178-2789,Visual Computer,1.21133042768504
0178-4617,Algorithmica,1.23576911463075
0178-7675,Computational Mechanics,1.45983048375767
0178-8051,Probability Theory and Related Fields,1.52109322654537
0179-5376,Discrete and Computational Geometry,1.36752735779218
0188-7009,Advances in Applied Clifford Algebras,1.0713063928554
0191-2615,Transportation Research Part B: Methodological,2.81215614238892
0193-841X,Evaluation Review,1.04562460531036
0195-6663,Appetite,1.55622639916886
0195-6698,European Journal of Combinatorics,1.28233063693504
0195-9298,Journal of Nondestructive Evaluation,1.23329269641591
0196-2892,IEEE Transactions on Geoscience and Remote Sensing,2.38840460218115
0196-8858,Advances in Applied Mathematics,1.05104308268373
0196-8904,Energy Conversion and Management,2.36867071370158
0197-1360,Journal of The American Institute for Conservation,0.502766752727218
0197-3975,Habitat International,1.80025446149227
0197-6729,Journal of Advanced Transportation,1.03820198066444
0198-9715,"Computers, Environment and Urban Systems",2.16398413731422
0209-9683,Combinatorica,1.80705619910935
0217-7323,Modern Physics Letters A,0.557518738563216
0217-9792,International Journal of Modern Physics B,0.474127571912009
0217-9849,Modern Physics Letters B,0.524611125954362
0218-0006,Annals of Combinatorics,1.44797850026173
0218-0014,International Journal of Pattern Recognition and Artificial Intelligence,0.77114670769169
0218-1266,"Journal of Circuits, Systems and Computers",0.670266178193991
0218-1274,International Journal of Bifurcation and Chaos in Applied Sciences and Engineering,1.0391814381562
0218-1940,International Journal of Software Engineering and Knowledge Engineering,0.607014191841361
0218-1959,International Journal of Computational Geometry and Applications,0.406086051607198
0218-1967,International Journal of Algebra and Computation,0.844997150975879
0218-2025,Mathematical Models and Methods in Applied Sciences,1.74661001802865
0218-2130,International Journal on Artificial Intelligence Tools,0.647400661193074
0218-348X,Fractals,1.28364659393349
0219-0613,Journal of Mathematical Logic,1.90256335634683
0219-1377,Knowledge and Information Systems,1.41313361873574
0219-1997,Communications in Contemporary Mathematics,1.44862243375103
0219-4678,International Journal of Image and Graphics,0.638534529547269
0219-4775,Fluctuation and Noise Letters,0.614162130560194
0219-4988,Journal of Algebra and its Applications,1.15545036811197
0219-5259,Advances in Complex Systems,0.703295519111103
0219-5305,Analysis and Applications,1.23868557447988
0219-6492,Journal of Information and Knowledge Management,0.465403260239563
0219-6913,"International Journal of Wavelets, Multiresolution and Information Processing",0.902596354826414
0219-7200,Journal of Bioinformatics and Computational Biology,0.362780489357107
0219-7499,International Journal of Quantum Information,0.354594147745937
0219-8436,International Journal of Humanoid Robotics,0.793263254508224
0232-2064,Zeitschrift fur Analysis und ihre Anwendung,1.09854372658519
0233-1934,Optimization,1.42032960920801
0236-5294,Acta Mathematica Hungarica,1.26434039958798
0246-0203,Annales de l'institut Henri Poincare (B) Probability and Statistics,1.17081666089102
0250-6335,Journal of Astrophysics and Astronomy,0.679847655275251
0253-6102,Communications in Theoretical Physics,0.632810528140798
0254-5330,Annals of Operations Research,1.73172552427582
0254-9409,Journal of Computational Mathematics,0.830641776122251
0257-0130,Queueing Systems,1.01063599220108
0258-6770,World Bank Economic Review,2.22504613139316
0259-9791,Journal of Mathematical Chemistry,1.13036554809966
0261-5177,Tourism Management,3.98573963290342
0262-8856,Image and Vision Computing,1.52432506952118
0263-2241,Measurement: Journal of the International Measurement Confederation,1.79263337703901
0263-5577,Industrial Management and Data Systems,1.41080067360958
0263-5747,Robotica,1.14280855918915
0263-8223,Composite Structures,1.99116987838265
0263-8231,Thin-Walled Structures,1.97873130666874
0264-2751,Cities,2.30092796792533
0264-4401,Engineering Computations,0.768535964959361
0264-9381,Classical and Quantum Gravity,1.11380813642726
0265-0754,IMA Journal of Mathematical Control and Information,0.79669402568471
0266-4720,Expert Systems,0.949473102528767
0266-5611,Inverse Problems,1.28365109806553
0266-8920,Probabilistic Engineering Mechanics,1.13465432595039
0267-3649,Computer Law and Security Review,2.76718315561922
0268-1242,Semiconductor Science and Technology,0.706448758897112
0268-3768,International Journal of Advanced Manufacturing Technology,1.36800826081413
0268-4012,International Journal of Information Management,5.41629544190128
0269-2155,Clinical Rehabilitation,1.61571835301701
0269-2821,Artificial Intelligence Review,3.56906009663816
0269-8889,Knowledge Engineering Review,1.13540343215228
0269-9648,Probability in the Engineering and Informational Sciences,0.981031002245121
0271-2091,International Journal for Numerical Methods in Fluids,1.07479026938165
0272-1716,IEEE Computer Graphics and Applications,0.980160455876741
0272-1732,IEEE Micro,2.15003623254257
0272-4979,IMA Journal of Numerical Analysis,1.6311240576897
0273-0979,Bulletin of the American Mathematical Society,2.73044895176307
0273-1177,Advances in Space Research,1.28266099543007
0275-5319,Research in International Business and Finance,1.85566490003905
0276-7783,MIS Quarterly: Management Information Systems,3.16294844074858
0277-6715,Statistics in Medicine,1.41287899195218
0278-0046,IEEE Transactions on Industrial Electronics,3.11663449738324
0278-0062,IEEE Transactions on Medical Imaging,3.9086509297473
0278-0070,IEEE Transactions on Computer-Aided Design of Integrated Circuits and Systems,1.46924191209974
0278-0097,IEEE Technology and Society Magazine,0.734067695653444
0278-081X,"Circuits, Systems, and Signal Processing",0.968816801588779
0278-3649,International Journal of Robotics Research,3.18136088168407
0278-6125,Journal of Manufacturing Systems,3.43876496123556
0288-3635,New Generation Computing,0.532336655936606
0295-5075,Europhysics Letters,0.619228288200189
0301-4797,Journal of Environmental Management,1.90703238665959
0301-5629,Ultrasound in Medicine and Biology,1.28723014763216
0301-679X,Tribology International,2.13997247836519
0302-3427,Science and Public Policy,1.28619363895424
0303-2647,BioSystems,0.901844992599351
0303-6812,Journal of Mathematical Biology,1.29145392365945
0304-3800,Ecological Modelling,1.02449717823413
0304-3975,Theoretical Computer Science,1.0558436289531
0304-4068,Journal of Mathematical Economics,0.960968942296626
0304-4149,Stochastic Processes and their Applications,1.24037091174557
0304-4289,Pramana - Journal of Physics,0.843405340622607
0304-8853,Journal of Magnetism and Magnetic Materials,0.958132077715524
0305-0041,Mathematical Proceedings of the Cambridge Philosophical Society,1.13049787024169
0305-0483,Omega,3.11699965426512
0305-0548,Computers and Operations Research,2.2771502281793
0305-1048,Nucleic Acids Research,5.19045651536535
0306-2619,Applied Energy,2.65213961539066
0306-4379,Information Systems,1.90296000378082
0306-4573,Information Processing and Management,3.00960453700277
0307-5079,Studies in Higher Education,2.62473377452065
0307-904X,Applied Mathematical Modelling,1.84325567036628
0308-0188,Interdisciplinary Science Reviews,0.685388251034697
0308-1079,International Journal of General Systems,1.39673126699097
0309-1708,Advances in Water Resources,1.69739479419977
0309-1902,Journal of Medical Engineering and Technology,0.716284320150245
0332-7353,"Modeling, Identification and Control",0.48443559837805
0340-1200,Biological Cybernetics,1.14955136803834
0343-6993,Mathematical Intelligencer,0.959604069476961
0354-0243,Yugoslav Journal of Operations Research,0.656945008172919
0354-5180,Filomat,0.818290754291287
0360-0300,ACM Computing Surveys,7.76592553425501
0360-1315,Computers and Education,5.20690153368742
0360-1323,Building and Environment,2.22759751508677
0360-5442,Energy,2.03826858802655
0360-8352,Computers and Industrial Engineering,2.21537579563722
0361-0365,Research in Higher Education,2.18375815841896
0361-0918,Communications in Statistics Part B: Simulation and Computation,0.929193103547287
0361-1981,Transportation Research Record,0.787271422284454
0361-2317,Color Research and Application,1.15605798154004
0361-526X,Serials Librarian,0.895138762164195
0361-7688,Programming and Computer Software,1.09587609319271
0362-5915,ACM Transactions on Database Systems,1.47080785631132
0363-0129,SIAM Journal on Control and Optimization,1.71522586728859
0363-9061,International Journal for Numerical and Analytical Methods in Geomechanics,1.96388703302657
0363-907X,International Journal of Energy Research,1.1162369805947
0364-765X,Mathematics of Operations Research,2.22924042734517
0364-9024,Journal of Graph Theory,1.42379454199901
0364-9059,IEEE Journal of Oceanic Engineering,1.9130745507866
0370-2693,"Physics Letters, Section B: Nuclear, Elementary Particle and High-Energy Physics",1.30378136424063
0373-3114,Annali di Matematica Pura ed Applicata,1.31399514135728
0374-3535,Journal of Elasticity,1.01401966658233
0374-4884,Journal of the Korean Physical Society,0.374588121432922
0375-9601,"Physics Letters, Section A: General, Atomic and Solid State Physics",0.91693642141553
0377-0257,Journal of Non-Newtonian Fluid Mechanics,1.34171534250834
0377-0427,Journal of Computational and Applied Mathematics,1.50341383097033
0377-2217,European Journal of Operational Research,2.81490739673403
0377-9017,Letters in Mathematical Physics,1.09856394923211
0378-3758,Journal of Statistical Planning and Inference,1.2050214798594
0378-4371,Physica A: Statistical Mechanics and its Applications,1.20767825600341
0378-4754,Mathematics and Computers in Simulation,1.25758764035848
0378-5955,Hearing Research,1.45851318243213
0378-620X,Integral Equations and Operator Theory,1.03647539326377
0378-7206,Information and Management,3.09207657418229
0378-7753,Journal of Power Sources,1.54060946104852
0378-7788,Energy and Buildings,2.06879638249107
0378-7796,Electric Power Systems Research,1.34237712007886
0378-8733,Social Networks,2.01457579205538
0385-4035,Hokkaido Mathematical Journal,0.668961823398301
0386-216X,Kagaku Kogaku Ronbunshu,0.375507911431261
0386-2208,Proceedings of the Japan Academy Series B: Physical and Biological Sciences,1.65760268628568
0399-0559,RAIRO - Operations Research,1.13329998168124
0430-3202,Annali dell'Universita di Ferrara,0.918984942185443
0550-3213,Nuclear Physics B,0.920526499146438
0587-4254,Acta Physica Polonica B,0.248671914947227
0723-0869,Expositiones Mathematicae,1.18157484328928
0723-4864,Experiments in Fluids,1.51829104944213
0730-0301,ACM Transactions on Graphics,2.67606847606132
0730-725X,Magnetic Resonance Imaging,0.85631377529978
0730-7829,Music Perception,1.54558872604258
0730-9384,Politics and the Life Sciences,0.492406343099466
0731-5090,"Journal of Guidance, Control, and Dynamics",1.74576706923819
0733-8716,IEEE Journal on Selected Areas in Communications,3.55876026126946
0733-8724,Journal of Lightwave Technology,1.68939087883845
0733-9399,Journal of Engineering Mechanics - ASCE,1.17954120934641
0733-9445,Journal of Structural Engineering,1.76036353566237
0733-9496,Journal of Water Resources Planning and Management - ASCE,1.23033782672432
0734-2071,ACM Transactions on Computer Systems,1.9960788619443
0735-6331,Journal of Educational Computing Research,1.88928150374009
0736-0266,Journal of Orthopaedic Research,1.31528952553753
0736-2994,Stochastic Analysis and Applications,1.03847146044121
0736-5845,Robotics and Computer-Integrated Manufacturing,3.36521079302645
0736-5853,Telematics and Informatics,3.06668518862865
0737-8831,Library Hi Tech,1.18307432628313
0738-4602,AI Magazine,1.64534341649958
0740-3194,Magnetic Resonance in Medicine,1.34720988012134
0740-3224,Journal of the Optical Society of America B: Optical Physics,0.759289719689584
0740-7459,IEEE Software,1.89658382850047
0741-3106,IEEE Electron Device Letters,1.64922493676723
0743-7315,Journal of Parallel and Distributed Computing,1.6332912339512
0743-7463,Langmuir,0.97776390677128
0747-5632,Computers in Human Behavior,3.23371058075291
0747-7171,Journal of Symbolic Computation,1.57044946062688
0748-8017,Quality and Reliability Engineering International,1.51083175342474
0749-159X,Numerical Methods for Partial Differential Equations,1.1192786064238
0764-583X,ESAIM: Mathematical Modelling and Numerical Analysis,1.26428628004795
0765-0019,Traitement du Signal,0.942905528156713
0824-7935,Computational Intelligence,1.00381499202474
0883-4237,Statistical Science,1.64571486662255
0883-9514,Applied Artificial Intelligence,1.03118383706001
0884-8173,International Journal of Intelligent Systems,1.91164642608202
0885-064X,Journal of Complexity,1.20700490647482
0885-2308,Computer Speech and Language,1.66741307411081
0885-3010,"IEEE Transactions on Ultrasonics, Ferroelectrics, and Frequency Control",1.6555824214707
0885-6125,Machine Learning,2.34798533069609
0885-7458,International Journal of Parallel Programming,0.810837791925331
0885-7474,Journal of Scientific Computing,1.35257079346586
0885-8950,IEEE Transactions on Power Systems,2.6944645526547
0885-8969,IEEE Transactions on Energy Conversion,2.03316932794789
0885-8977,IEEE Transactions on Power Delivery,2.47475268192659
0885-8985,IEEE Aerospace and Electronic Systems Magazine,1.20123635784483
0885-8993,IEEE Transactions on Power Electronics,2.77681619263419
0887-3585,"Proteins: Structure, Function and Bioinformatics",1.02991920565256
0887-3801,Journal of Computing in Civil Engineering,1.82478167852095
0888-3270,Mechanical Systems and Signal Processing,3.23424069008397
0888-5885,Industrial & Engineering Chemistry Research,0.970890248040909
0888-613X,International Journal of Approximate Reasoning,1.7148610719525
0888-7543,Genomics,1.02637572868227
0889-8480,Mathematical Population Studies,1.04815373376009
0889-9746,Journal of Fluids and Structures,1.65669819352656
0890-0604,"Artificial Intelligence for Engineering Design, Analysis and Manufacturing: AIEDAM",0.823878371738639
0890-5401,Information and Computation,1.06314404261216
0890-6327,International Journal of Adaptive Control and Signal Processing,0.915863328420526
0890-8044,IEEE Network,3.14908814623098
0891-2017,Computational Linguistics,2.67935357083137
0891-2513,Complex Systems,0.32851031174133
0892-6638,FASEB Journal,1.10357309424564
0892-9912,Journal of Technology Transfer,2.50882933969116
0893-133X,Neuropsychopharmacology,2.01014805952362
0893-6080,Neural Networks,2.80771769401138
0893-9659,Applied Mathematics Letters,1.66539181478426
0894-0347,Journal of the American Mathematical Society,4.57356726666363
0894-3370,"International Journal of Numerical Modelling: Electronic Networks, Devices and Fields",0.596091457776301
0894-6507,IEEE Transactions on Semiconductor Manufacturing,1.42904393907179
0894-9840,Journal of Theoretical Probability,0.939991820225431
0895-4356,Journal of Clinical Epidemiology,2.50080403977785
0895-4798,SIAM Journal on Matrix Analysis and Applications,1.71679734121022
0895-4801,SIAM Journal on Discrete Mathematics,1.21497037733674
0895-6111,Computerized Medical Imaging and Graphics,2.03255551923627
0897-1889,Journal of Digital Imaging,1.62073598326678
0897-3962,Journal of Integral Equations and Applications,0.6740945164627
0897-7151,Journal of Neurotrauma,1.50788318516397
0898-1221,Computers and Mathematics with Applications,1.31226126882653
0899-7667,Neural Computation,1.90381884120403
0899-8256,Games and Economic Behavior,1.19136108283391
0899-9457,International Journal of Imaging Systems and Technology,0.916712038189197
0911-0119,Graphs and Combinatorics,0.832554824209616
0916-7005,Japan Journal of Industrial and Applied Mathematics,0.622517830635163
0916-8508,"IEICE Transactions on Fundamentals of Electronics, Communications and Computer Sciences",0.326600206681172
0916-8516,IEICE Transactions on Communications,0.415666487982163
0916-8532,IEICE Transactions on Information and Systems,0.418041236154992
0920-4105,Journal of Petroleum Science and Engineering,1.70412139328283
0920-5489,Computer Standards and Interfaces,1.88986412026384
0920-5691,International Journal of Computer Vision,4.16799937630164
0920-654X,Journal of Computer-Aided Molecular Design,0.942888489786703
0920-8542,Journal of Supercomputing,1.15794697365647
0921-0296,Journal of Intelligent and Robotic Systems: Theory and Applications,1.36459862608055
0921-4526,Physica B: Condensed Matter,0.766518395117183
0921-8890,Robotics and Autonomous Systems,1.68362326507338
0922-6435,Experimental Astronomy,0.967247587678968
0922-6443,Real-Time Systems,1.34679881327015
0922-6567,Machine Translation,1.14204580144829
0923-2958,Celestial Mechanics and Dynamical Astronomy,1.42314838221404
0923-4748,Journal of Engineering and Technology Management - JET-M,1.94901052538466
0923-5965,Signal Processing: Image Communication,1.30171068042287
0923-6082,Multidimensional Systems and Signal Processing,0.743421424650192
0924-0136,Journal of Materials Processing Technology,2.16777348282626
0924-090X,Nonlinear Dynamics,1.64540466397783
0924-1868,User Modeling and User-Adapted Interaction,3.18789424047203
0924-2244,Trends in Food Science and Technology,3.68368821079195
0924-2716,ISPRS Journal of Photogrammetry and Remote Sensing,2.92718120301489
0924-6495,Minds and Machines,3.25052385904475
0924-669X,Applied Intelligence,1.72890694092875
0924-6703,Discrete Event Dynamic Systems: Theory and Applications,1.09044377972199
0924-8463,Artificial Intelligence and Law,3.43894401150772
0924-9907,Journal of Mathematical Imaging and Vision,1.18912134190428
0925-1022,"Designs, Codes, and Cryptography",1.53316526186007
0925-1030,Analog Integrated Circuits and Signal Processing,0.723412534226752
0925-2312,Neurocomputing,1.8502440002545
0925-4005,Sensors and Actuators B: Chemical,1.34029494316522
0925-5001,Journal of Global Optimization,1.53501227605733
0925-7721,Computational Geometry: Theory and Applications,0.930633091771587
0925-8531,"Journal of Logic, Language and Information",1.19478866714502
0925-9724,Computer Supported Cooperative Work,1.36513582548344
0925-9856,Formal Methods in System Design,1.27351294344916
0925-9899,Journal of Algebraic Combinatorics,1.27177180217548
0925-9902,Journal of Intelligent Information Systems,1.68124287067748
0926-2644,Group Decision and Negotiation,1.04246156323832
0926-5805,Automation in Construction,3.16695537303264
0926-6003,Computational Optimization and Applications,1.45206196556106
0927-0256,Computational Materials Science,1.07802403756269
0927-2852,Applied Categorical Structures,1.15942310392344
0927-7099,Computational Economics,1.01487438734111
0928-7329,Technology and Health Care,0.537440399814038
0928-8910,Automated Software Engineering,1.40078479856844
0929-5313,Journal of Computational Neuroscience,0.749067376211954
0929-5593,Autonomous Robots,1.76991520758446
0929-6174,Journal of Quantitative Linguistics,1.07361807739943
0929-6212,Wireless Personal Communications,0.872973749348666
0929-8215,Journal of New Music Research,0.941522146510533
0929-8673,Current Medicinal Chemistry,1.04938539791157
0932-4194,"Mathematics of Control, Signals, and Systems",1.40828967856338
0932-8092,Machine Vision and Applications,1.04543288582453
0933-1875,KI - Kunstliche Intelligenz,1.12779238233615
0933-2790,Journal of Cryptology,1.9074982193991
0933-3657,Artificial Intelligence in Medicine,2.23997428289175
0933-5846,Archive for Mathematical Logic,0.895875053441959
0934-5043,Formal Aspects of Computing,1.19147667811456
0935-1175,Continuum Mechanics and Thermodynamics,1.30854996082412
0935-4964,Theoretical and Computational Fluid Dynamics,1.11722282562782
0936-7195,GAMM Mitteilungen,0.982381150397275
0937-7255,Ship Technology Research,1.67328126796987
0938-1279,"Applicable Algebra in Engineering, Communications and Computing",0.804342349861102
0938-2259,Economic Theory,1.67023419511776
0938-8974,Journal of Nonlinear Science,1.65273973761425
0939-1533,Archive of Applied Mechanics,1.1018857152254
0939-3889,Zeitschrift fur Medizinische Physik,1.65889389173441
0941-0643,Neural Computing and Applications,1.65312254187687
0942-4962,Multimedia Systems,1.11537439140257
0942-5616,Mathematical Logic Quarterly,0.668636991706085
0943-4062,Computational Statistics,1.08708532773445
0946-7076,Microsystem Technologies,0.882241280828437
0947-3580,European Journal of Control,1.14290294441962
0947-3602,Requirements Engineering,2.04651997900843
0948-4280,Journal of Marine Science and Technology,1.44002138744062
0950-0340,Journal of Modern Optics,0.558972197279037
0950-0618,Construction and Building Materials,2.36209935496226
0950-5849,Information and Software Technology,2.2713460818863
0950-7051,Knowledge-Based Systems,2.6112734950373
0951-5666,AI and Society,1.29523107152251
0951-7715,Nonlinearity,1.39628427611681
0951-8320,Reliability Engineering and System Safety,2.46826462686026
0952-1976,Engineering Applications of Artificial Intelligence,2.30071866445707
0952-813X,Journal of Experimental and Theoretical Artificial Intelligence,0.804619517791409
0953-1513,Learned Publishing,1.25087709972176
0953-2048,Superconductor Science and Technology,1.48302840007385
0953-4180,Behavioural Neurology,1.31039654799637
0953-5438,Interacting with Computers,1.0955485300128
0954-0091,Connection Science,1.18956517413933
0954-3899,Journal of Physics G: Nuclear and Particle Physics,0.921590592588632
0954-4100,"Proceedings of the Institution of Mechanical Engineers, Part G: Journal of Aerospace Engineering",0.782505827325419
0954-4119,"Proceedings of the Institution of Mechanical Engineers, Part H: Journal of Engineering in Medicine",0.882565895815613
0954-4828,Journal of Engineering Design,1.37563739543938
0955-792X,Journal of Logic and Computation,0.886479560984113
0955-7997,Engineering Analysis with Boundary Elements,1.24683620328048
0956-540X,Geophysical Journal International,1.4121260540674
0956-5515,Journal of Intelligent Manufacturing,2.68958665104604
0956-7925,European Journal of Applied Mathematics,0.876791594106077
0956-7968,Journal of Functional Programming,1.13147911246221
0957-0233,Measurement Science and Technology,1.05398932110513
0957-4158,Mechatronics,1.85458608161686
0957-4174,Expert Systems with Applications,2.98459963677331
0957-4484,Nanotechnology,0.732312349818551
0958-2029,Research Evaluation,1.54587701483806
0959-1524,Journal of Process Control,1.60157715429342
0959-4388,Current Opinion in Neurobiology,1.71279132989833
0959-6526,Journal of Cleaner Production,2.44428890580721
0960-0779,"Chaos, Solitons and Fractals",2.28920662784558
0960-0833,Software Testing Verification and Reliability,0.954655770195998
0960-1295,Mathematical Structures in Computer Science,1.20237847719765
0960-1481,Renewable Energy,2.1075787147469
0960-3174,Statistics and Computing,1.63937416702708
0960-9822,Current Biology,2.17089229769524
0961-0006,Journal of Librarianship and Information Science,1.65534348825315
0962-4929,Acta Numerica,7.86534060766276
0962-8436,Philosophical Transactions of the Royal Society B: Biological Sciences,1.83610643170512
0962-8452,Proceedings of the Royal Society B: Biological Sciences,1.73806221973776
0963-0643,Current Opinion in Urology,0.935649520830721
0963-5483,Combinatorics Probability and Computing,1.10893652148644
0963-6412,Security Studies,2.79293205523522
0963-9314,Software Quality Journal,1.1901594767041
0964-1726,Smart Materials and Structures,1.11381243488971
0964-1998,Journal of the Royal Statistical Society. Series A: Statistics in Society,1.71263583614145
0965-0393,Modelling and Simulation in Materials Science and Engineering,0.886757206350915
0965-5425,Computational Mathematics and Mathematical Physics,0.850901121328034
0965-8564,"Transportation Research, Part A: Policy and Practice",2.2252540252142
0965-9978,Advances in Engineering Software,1.76350618735251
0966-6362,Gait and Posture,1.23951819237184
0966-6923,Journal of Transport Geography,2.13228325229584
0966-9760,International Journal of Early Years Education,1.51198902679205
0967-0661,Control Engineering Practice,1.70156529149334
0967-3334,Physiological Measurement,1.22704022006545
0968-090X,Transportation Research Part C: Emerging Technologies,3.28713111280509
0969-6016,International Transactions in Operational Research,1.73165258967583
0969-6997,Journal of Air Transport Management,2.20163151578837
0970-4140,Journal of the Indian Institute of Science,0.654626801184774
0971-3514,Differential Equations and Dynamical Systems,0.924133319843708
0972-8600,AKCE International Journal of Graphs and Combinatorics,1.30386869434907
0973-5348,Mathematical Modelling of Natural Phenomena,1.16278103635813
0975-2293,International Journal of Computer Networks and Communications,0.44248519350807
0988-3754,RAIRO - Theoretical Informatics and Applications,0.671806397819473
0992-499X,Revue d'Intelligence Artificielle,0.54280684942
0997-7538,"European Journal of Mechanics, A/Solids",1.50811456245826
1000-9000,Journal of Computer Science and Technology,0.980025362311634
1004-3756,Journal of Systems Science and Systems Engineering,0.582562459576889
1007-0214,Tsinghua Science and Technology,1.50797458537367
1007-5704,Communications in Nonlinear Science and Numerical Simulation,1.62619603758748
1012-2443,Annals of Mathematics and Artificial Intelligence,0.973774300301745
1016-3328,Computational Complexity,1.51368037353662
1016-443X,Geometric and Functional Analysis,2.43225314856425
1017-0405,Statistica Sinica,1.22331247007306
1017-1398,Numerical Algorithms,1.65694389029954
1017-9909,Journal of Electronic Imaging,0.452412394400286
1018-3639,"Journal of King Saud University, Engineering Sciences",2.19678141734327
1018-4864,Telecommunication Systems,0.906585596023235
1019-6781,Electronic Markets,1.87322757460981
1019-7168,Advances in Computational Mathematics,1.45935203398079
1022-0038,Wireless Networks,0.926729914338495
1022-1824,"Selecta Mathematica, New Series",1.48854583145356
1024-123X,Mathematical Problems in Engineering,0.638334812010192
1040-6190,Electricity Journal,0.787209481926422
1040-7790,"Numerical Heat Transfer, Part B: Fundamentals",0.755671543907642
1041-1135,IEEE Photonics Technology Letters,0.963157152165512
1041-4347,IEEE Transactions on Knowledge and Data Engineering,3.61908067609769
1042-9832,Random Structures and Algorithms,1.28378437426109
1044-7318,International Journal of Human-Computer Interaction,2.04165730779442
1045-389X,Journal of Intelligent Material Systems and Structures,1.02345317334698
1045-9219,IEEE Transactions on Parallel and Distributed Systems,1.70822258810797
1045-9243,IEEE Antennas and Propagation Magazine,1.18092007796436
1045-926X,Journal of Visual Languages and Computing,1.91961173215972
1046-8188,ACM Transactions on Information Systems,2.70685144115263
1047-1987,Political Analysis,5.12164790719894
1047-3203,Journal of Visual Communication and Image Representation,1.13072622756179
1047-3211,Cerebral Cortex,1.43631319109731
1047-8310,Journal of High Technology Management Research,1.39822024209349
1047-8477,Journal of Structural Biology,0.841713367078584
1048-9002,"Journal of Vibration and Acoustics, Transactions of the ASME",0.954729057774568
1049-3301,ACM Transactions on Modeling and Computer Simulation,0.993299236773545
1049-331X,ACM Transactions on Software Engineering and Methodology,2.47228227756974
1049-4820,Interactive Learning Environments,1.76094027615987
1049-8923,International Journal of Robust and Nonlinear Control,1.32968505753397
1050-0472,"Journal of Mechanical Design, Transactions Of the ASME",1.43512889333554
1050-5164,Annals of Applied Probability,1.74396361189941
1051-2004,Digital Signal Processing: A Review Journal,1.38274482006956
1051-8215,IEEE Transactions on Circuits and Systems for Video Technology,1.83852549435208
1051-8223,IEEE Transactions on Applied Superconductivity,0.962049050691403
1052-6234,SIAM Journal on Optimization,2.20852640580117
1053-587X,IEEE Transactions on Signal Processing,2.10889955357642
1053-5888,IEEE Signal Processing Magazine,5.33878221763871
1053-8119,NeuroImage,2.09911800508847
1054-1500,Chaos,1.20930429909107
1054-6618,Pattern Recognition and Image Analysis,0.827974202556811
1054-7460,Presence: Teleoperators and Virtual Environments,0.963767498180003
1055-6788,Optimization Methods and Software,1.28930335263017
1055-7148,International Journal of Network Management,0.66395004454117
1057-7149,IEEE Transactions on Image Processing,3.13104591350748
1057-7408,Journal of Consumer Psychology,2.02753646393374
1058-6458,Experimental Mathematics,0.752063213950723
1059-7123,Adaptive Behavior,1.10958211210058
1059-910X,Microscopy Research and Technique,1.09136934628708
1060-0396,Cybernetics and Systems Analysis,0.919249042032283
1061-3773,Computer Applications in Engineering Education,1.27968935685971
1061-8562,International Journal of Computational Fluid Dynamics,0.682455250996518
1061-8600,Journal of Computational and Graphical Statistics,1.78536935472312
1062-7995,Progress in Photovoltaics: Research and Applications,2.15240557607392
1063-4584,Osteoarthritis and Cartilage,2.20323014870495
1063-5157,Systematic Biology,5.25738382560638
1063-5203,Applied and Computational Harmonic Analysis,2.0800570863628
1063-6536,IEEE Transactions on Control Systems Technology,2.18223400342602
1063-6560,Evolutionary Computation,1.80094456333306
1063-6692,IEEE/ACM Transactions on Networking,1.7971495752555
1063-6706,IEEE Transactions on Fuzzy Systems,3.14295988636636
1063-7710,Acoustical Physics,1.22849319497691
1063-8210,IEEE Transactions on Very Large Scale Integration (VLSI) Systems,1.47434778915335
1063-8539,Journal of Combinatorial Designs,1.16335234938036
1064-1246,Journal of Intelligent and Fuzzy Systems,0.698146353079959
1064-2269,Journal of Communications Technology and Electronics,0.689651443153619
1064-5462,Artificial Life,0.670245661393634
1064-5632,Izvestiya Mathematics,0.902879656423593
1064-7570,Journal of Network and Systems Management,0.875811818581473
1064-8275,SIAM Journal of Scientific Computing,1.6036950844085
1065-9471,Human Brain Mapping,1.55118837237044
1066-033X,IEEE Control Systems,2.67288094720408
1066-2243,Internet Research,2.18643105557541
1066-8888,VLDB Journal,2.7687715124617
1067-5027,Journal of the American Medical Informatics Association : JAMIA,2.62757982416962
1068-9605,International Journal of Wireless Information Networks,0.868556741477199
1068-9613,Electronic Transactions on Numerical Analysis,0.842535322208302
1069-5869,Journal of Fourier Analysis and Applications,1.36595462418358
1070-5325,Numerical Linear Algebra with Applications,1.34276326879628
1070-6631,Physics of Fluids,1.67554734174186
1070-986X,IEEE Multimedia,1.6023542532589
1070-9908,IEEE Signal Processing Letters,1.37961001128145
1070-9932,IEEE Robotics and Automation Magazine,2.24942777986712
1071-2836,Journal of Russian Laser Research,0.509212231654048
1071-5797,Finite Fields and Their Applications,1.42789480524712
1071-5819,International Journal of Human Computer Studies,2.41417861528302
1072-5520,Interactions,1.15199255026913
1072-8325,Journal of Women and Minorities in Science and Engineering,0.999535046500416
1073-0516,ACM Transactions on Computer-Human Interaction,2.67504012118072
1073-7928,International Mathematics Research Notices,1.44405974583674
1074-5351,International Journal of Communication Systems,0.762402228309076
1076-0342,Journal of Infrastructure Systems,1.26379650999292
1076-2787,Complexity,0.765906426310233
1076-9757,Journal of Artificial Intelligence Research,2.92140672076331
1077-260X,IEEE Journal of Selected Topics in Quantum Electronics,1.4109479438841
1077-2626,IEEE Transactions on Visualization and Computer Graphics,2.43065812095509
1077-3142,Computer Vision and Image Understanding,1.92786792999306
1077-5463,JVC/Journal of Vibration and Control,1.38150994040829
1077-6990,Journalism and Mass Communication Quarterly,2.03588058400774
1077-8926,Electronic Journal of Combinatorics,1.08728752275815
1078-8174,Radiography,1.26558957203149
1078-8956,Nature Medicine,12.1666343510583
1079-8587,Intelligent Automation and Soft Computing,0.945659745935246
1079-8986,Bulletin of Symbolic Logic,1.76260925336421
1081-3810,Electronic Journal of Linear Algebra,1.02039333277175
1083-3668,Journal of Biomedical Optics,1.33717805374865
1083-4435,IEEE/ASME Transactions on Mechatronics,2.16776124465005
1083-589X,Electronic Communications in Probability,0.656722151919425
1083-6101,Journal of Computer-Mediated Communication,4.25857867164282
1083-6489,Electronic Journal of Probability,1.12013280133425
1084-4309,ACM Transactions on Design Automation of Electronic Systems,0.777208748706656
1084-6654,Journal of Experimental Algorithmics,1.41360838993825
1084-7529,"Journal of the Optical Society of America A: Optics and Image Science, and Vision",1.14102463425154
1084-8045,Journal of Network and Computer Applications,2.5122349992265
1086-9379,Meteoritics and Planetary Science,0.833277121499319
1088-467X,Intelligent Data Analysis,0.531818105202484
1089-778X,IEEE Transactions on Evolutionary Computation,5.61740560181218
1089-7798,IEEE Communications Letters,1.35669874340005
1089-7801,IEEE Internet Computing,1.3886410668128
1090-8471,Human Factors and Ergonomics In Manufacturing,0.873095059704551
1091-9856,INFORMS Journal on Computing,1.82285398451667
1093-3263,Journal of Molecular Graphics and Modelling,0.751013812336025
1093-9687,Computer-Aided Civil and Infrastructure Engineering,3.18694428033175
1094-3420,International Journal of High Performance Computing Applications,1.07969972189695
1094-4087,Optics Express,1.48394249836811
1094-6136,Journal of Scheduling,1.66140143471927
1094-6969,IEEE Instrumentation and Measurement Magazine,0.683691475813078
1095-4244,Wind Energy,1.34801818138625
1097-6256,Nature Neuroscience,5.22623955589254
1098-1241,Systems Engineering,1.14717152036691
1098-3058,Information Technology and Tourism,1.62550490344423
1099-4300,Entropy,1.08419364199862
1109-2858,Operational Research,1.32362355190269
1110-0168,AEJ - Alexandria Engineering Journal,2.10218156881983
1110-757X,Journal of Applied Mathematics,1.04196153620423
1110-8665,Egyptian Informatics Journal,2.53153820217211
1120-2890,Economia Politica,0.757506126497398
1120-6330,"Atti della Accademia Nazionale dei Lincei, Classe di Scienze Fisiche, Matematiche e Naturali, Rendiconti Lincei Matematica E Applicazioni",0.935310204738232
1122-1151,Axiomathes,0.691323197634842
1134-3060,Archives of Computational Methods in Engineering,3.25273756984774
1134-5764,TOP,1.77117405063841
1187-7863,Journal of Agricultural and Environmental Ethics,1.14276660800891
1206-212X,International Journal of Computers and Applications,0.677458047886949
1210-0552,Neural Network World,0.625389090878003
1213-6972,Journal of WSCG,0.244403213752328
1225-6463,ETRI Journal,0.759907644996457
1226-7988,KSCE Journal of Civil Engineering,1.02750267733135
1229-2370,Journal of Communications and Networks,0.959059591541842
1230-1612,Open Systems and Information Dynamics,0.413247539685442
1230-3402,Opto-electronics Review,0.970543788227565
1233-1821,Foundations of Science,1.06841729538439
1234-2238,Psychology of Language and Communication,0.754597369322503
1234-3099,Discussiones Mathematicae - Graph Theory,1.15664327275746
1270-9638,Aerospace Science and Technology,2.04078636712152
1281-2463,Philosophia Scientiae,0.36997858299514
1286-0042,EPJ Applied Physics,0.407561708629234
1290-0729,International Journal of Thermal Sciences,1.71367616798182
1292-8100,ESAIM - Probability and Statistics,0.712568143754946
1292-8119,"ESAIM - Control, Optimisation and Calculus of Variations",1.09745402772465
1300-0098,Turkish Journal of Mathematics,0.995929050042173
1300-0632,Turkish Journal of Electrical Engineering and Computer Sciences,0.532135703129232
1311-0454,Fractional Calculus and Applied Analysis,1.92403568560147
1314-3247,"Geometry, Integrability and Quantization",0.574388178735772
1319-1578,Journal of King Saud University - Computer and Information Sciences,2.04559425004352
1330-3651,Tehnicki Vjesnik,0.493146272155811
1346-0714,Transactions of the Japanese Society for Artificial Intelligence,0.101202469829605
1350-4533,Medical Engineering and Physics,1.09114657883504
1350-6307,Engineering Failure Analysis,1.71103986821434
1350-7265,Bernoulli,1.57041172491972
1351-3249,Natural Language Engineering,1.1668529516619
1353-3452,Science and Engineering Ethics,1.99426685372311
1354-0688,Party Politics,1.98469915976653
1355-2546,Rapid Prototyping Journal,1.19274768141537
1359-4184,Molecular Psychiatry,3.48405578188602
1359-4338,Virtual Reality,2.63291883332119
1359-6454,Acta Materialia,2.68985733878944
1359-835X,Composites - Part A: Applied Science and Manufacturing,2.03278761979036
1359-8368,Composites Part B: Engineering,2.51060547262894
1361-1682,Transactions in GIS,1.1584901844122
1361-4533,New Review of Academic Librarianship,0.784597528779768
1361-4568,New Review of Hypermedia and Multimedia,0.581402382103
1361-8415,Medical Image Analysis,4.04238864827514
1364-0321,Renewable and Sustainable Energy Reviews,4.53461896800305
1364-5021,"Proceedings of the Royal Society A: Mathematical, Physical and Engineering Sciences",1.29276296125244
1364-503X,"Philosophical transactions. Series A, Mathematical, physical, and engineering sciences",1.43988871965353
1364-8152,Environmental Modelling and Software,1.78018474732485
1365-8816,International Journal of Geographical Information Science,1.75329767138551
1367-0751,Logic Journal of the IGPL,1.19580935205037
1367-4803,Bioinformatics,2.27242956135578
1367-5788,Annual Reviews in Control,4.45404367299308
1368-2148,International Journal of Manufacturing Technology and Management,0.23705438386006
1368-2199,Imaging Science Journal,0.466946829576092
1368-4221,Econometrics Journal,2.93916269807704
1369-7412,Journal of the Royal Statistical Society. Series B: Statistical Methodology,3.94068757982898
1370-4621,Neural Processing Letters,0.800079202671875
1380-7501,Multimedia Tools and Applications,1.05491068121581
1381-1231,Journal of Heuristics,0.922094232519769
1381-2416,International Journal of Speech Technology,0.988632460417007
1381-298X,Computational and Mathematical Organization Theory,1.34436449616361
1382-3256,Empirical Software Engineering,2.45806360719347
1382-6905,Journal of Combinatorial Optimization,0.992754860282237
1383-469X,Mobile Networks and Applications,1.36960248849192
1383-7133,Constraints,1.38562321086164
1383-7621,Journal of Systems Architecture,1.84526594013318
1384-1076,New Astronomy,0.780854045959649
1384-5640,Multibody System Dynamics,1.88006333785924
1384-5810,Data Mining and Knowledge Discovery,2.52991893846395
1384-6175,GeoInformatica,1.33719273261993
1385-0172,Mathematical Physics Analysis and Geometry,0.847969634183441
1386-4564,Information Retrieval,1.62003455335494
1386-7857,Cluster Computing,1.00185124441159
1386-9477,Physica E: Low-Dimensional Systems and Nanostructures,0.842135322258939
1386-9620,Health Care Management Science,1.4805951153753
1387-1307,Journal of Clinical Monitoring and Computing,1.0370115392251
1387-2532,Autonomous Agents and Multi-Agent Systems,1.6376686875499
1387-3326,Information Systems Frontiers,2.30836766843706
1387-5841,Methodology and Computing in Applied Probability,1.0376367364574
1387-974X,Photonic Network Communications,0.905175418095544
1389-0417,Cognitive Systems Research,1.76029182590491
1389-1286,Computer Networks,1.8033452220027
1389-2576,Genetic Programming and Evolvable Machines,1.03579032280557
1389-4420,Optimization and Engineering,1.43168682398714
1392-5113,Nonlinear Analysis: Modelling and Control,1.11156876342172
1392-6292,Mathematical Modelling and Analysis,1.0949496741463
1420-0597,Computational Geosciences,1.23825930150033
1422-6383,Results in Mathematics,1.32077189314287
1422-6928,Journal of Mathematical Fluid Mechanics,1.34926134393167
1424-0637,Annales Henri Poincare,1.05405273973018
1424-8247,Pharmaceuticals,1.22313415665368
1431-7613,Theory in Biosciences,0.872500212804322
1431-9276,Microscopy and Microanalysis,0.455353438018411
1432-4350,Theory of Computing Systems,1.00354260199793
1432-5012,International Journal on Digital Libraries,1.10367279170658
1432-7643,Soft Computing,1.37939745388077
1432-9360,Computing and Visualization in Science,1.56703102774979
1433-2779,International Journal on Software Tools for Technology Transfer,1.15101557161806
1433-2833,International Journal on Document Analysis and Recognition,2.08679371331728
1433-7541,Pattern Analysis and Applications,1.02969315226435
1434-6028,European Physical Journal B,0.543972813767411
1434-6044,European Physical Journal C,1.27761048272467
1434-6060,European Physical Journal D,0.64242928785712
1434-8411,AEU - International Journal of Electronics and Communications,1.34880256558561
1435-5558,"Cognition, Technology and Work",1.25225567513946
1435-9855,Journal of the European Mathematical Society,2.7304571711686
1439-4235,ChemPhysChem,0.77683826915907
1446-7887,Journal of the Australian Mathematical Society,1.02484435490089
1460-4582,Health Informatics Journal,1.1311630350861
1460-7425,JASSS,2.05119646287891
1461-4448,New Media and Society,4.28197893533429
1462-2416,Pharmacogenomics,0.635125267181911
1463-5003,Ocean Modelling,1.44606945743438
1463-7154,Business Process Management Journal,1.46401449742398
1463-9076,Physical Chemistry Chemical Physics,0.947393624944229
1467-2960,Fish and Fisheries,2.91513039974019
1467-5463,Briefings in Bioinformatics,3.29291907850509
1468-0874,International Journal of Engine Research,2.30634415662179
1468-1218,Nonlinear Analysis: Real World Applications,1.48224994281513
1468-4527,Online Information Review,1.07673187728577
1469-0268,International Journal of Computational Intelligence and Applications,0.478011204530514
1469-1930,Journal of Intellectual Capital,2.06832002384583
1469-7688,Quantitative Finance,1.52821059179726
1470-160X,Ecological Indicators,1.66537903726563
1470-2045,"Lancet Oncology, The",11.4175491720726
1470-8396,"Law, Probability and Risk",0.418103782406522
1471-0684,Theory and Practice of Logic Programming,1.44678428032998
1471-2105,BMC Bioinformatics,1.10531354520928
1471-2164,BMC Genomics,1.23714356806507
1471-2288,BMC Medical Research Methodology,2.74244734683151
1471-2342,BMC Medical Imaging,1.1915969554038
1471-678X,IMA Journal of Management Mathematics,0.983594304255261
1472-6947,BMC Medical Informatics and Decision Making,1.38683037025722
1473-5504,International Journal of Astrobiology,0.459954913466532
1473-8716,Information Visualization,1.46490150139084
1474-0346,Advanced Engineering Informatics,2.20188608523476
1475-2875,Malaria Journal,1.27710497871513
1475-7435,International Journal of Nanotechnology,0.354957741186894
1475-7516,Journal of Cosmology and Astroparticle Physics,0.986396522704124
1475-9217,Structural Health Monitoring,2.26722342892608
1476-1122,Nature Materials,6.44583478063082
1476-9271,Computational Biology and Chemistry,0.870712751756269
1477-7487,Surveillance & Society,1.20147595459946
1477-7835,Management of Environmental Quality,1.18946181035826
1477-8424,"Computer Languages, Systems and Structures",1.30196665160793
1477-8599,Mathematical Medicine and Biology,0.810832985723348
1477-965X,Technoetic Arts,0.206203698494691
1478-0771,International Journal of Architectural Computing,1.02142585187369
1479-8409,Journal of Financial Econometrics,2.34867532965441
1492-3831,International Review of Research in Open and Distance Learning,2.08891294904079
1508-2806,Computer Science,0.474618265932738
1520-9202,IT Professional,1.04472360584717
1520-9210,IEEE Transactions on Multimedia,2.49032135660785
1521-9615,Computing in Science and Engineering,0.846592474823235
1524-0703,Graphical Models,0.552398942013529
1524-9050,IEEE Transactions on Intelligent Transportation Systems,2.92827162292251
1526-1719,Journal of Graph Algorithms and Applications,0.778780133949736
1526-6125,Journal of Manufacturing Processes,1.798682503259
1529-3181,Communications of the Association for Information Systems,1.0671775891869
1529-3785,ACM Transactions on Computational Logic,0.987349781733566
1530-437X,IEEE Sensors Journal,1.50478549667716
1530-4388,IEEE Transactions on Device and Materials Reliability,1.23842506961571
1530-6984,Nano Letters,1.9699517621668
1530-8669,Wireless Communications and Mobile Computing,0.923478825566265
1530-9827,Journal of Computing and Information Science in Engineering,0.988134195686786
1532-0464,Journal of Biomedical Informatics,1.78788725510117
1532-0626,Concurrency Computation Practice and Experience,0.835114154050187
1533-2861,Journal of Internet Commerce,1.62374824872984
1533-5399,ACM Transactions on Internet Technology,1.43212455767293
1533-7146,Quantum Information and Computation,0.696918804998098
1534-4320,IEEE Transactions on Neural Systems and Rehabilitation Engineering,1.6420684128754
1536-0040,SIAM Journal on Applied Dynamical Systems,1.50629833812416
1536-1225,IEEE Antennas and Wireless Propagation Letters,1.63162728960976
1536-1233,IEEE Transactions on Mobile Computing,2.05865897893449
1536-1241,IEEE Transactions on Nanobioscience,0.961015123674813
1536-125X,IEEE Transactions on Nanotechnology,1.0428596055995
1536-1268,IEEE Pervasive Computing,1.54941781554757
1536-1276,IEEE Transactions on Wireless Communications,2.32097006167412
1536-1284,IEEE Wireless Communications,3.37555798005326
1537-5110,Biosystems Engineering,1.86131409298712
1539-2791,Neuroinformatics,1.34090806638514
1539-6746,Communications in Mathematical Sciences,0.817864469626644
1539-9087,Transactions on Embedded Computing Systems,0.896680358826493
1540-3459,Multiscale Modeling and Simulation,0.930550037750784
1540-7977,IEEE Power and Energy Magazine,1.24593502519363
1540-7993,IEEE Security and Privacy,1.4821423558033
1540-9589,Journal of Web Engineering,0.757416823734761
1541-1672,IEEE Intelligent Systems,2.13786774526982
1542-7951,Internet Mathematics,0.0
1543-8384,Molecular Pharmaceutics,1.0849965572545
1544-3566,Transactions on Architecture and Code Optimization,1.07734231773434
1544-6123,Finance Research Letters,2.53027458239912
1545-2255,Structural Control and Health Monitoring,2.19219053820792
1545-5955,IEEE Transactions on Automation Science and Engineering,2.08228021189686
1545-5963,IEEE/ACM Transactions on Computational Biology and Bioinformatics,1.16904749969768
1545-5971,IEEE Transactions on Dependable and Secure Computing,3.29442897104673
1545-598X,IEEE Geoscience and Remote Sensing Letters,1.60111795479785
1545-8490,Decision Analysis,1.07405410648835
1546-1955,Journal of Computational and Theoretical Nanoscience,0.532686937865614
1546-4261,Computer Animation and Virtual Worlds,0.525374989975889
1547-5816,Journal of Industrial and Management Optimization,0.733846464213607
1548-0992,IEEE Latin America Transactions,0.504667966942709
1548-3908,International Journal of Technology and Human Interaction,0.739027032352328
1548-5129,Journal of Defense Modeling and Simulation,0.537753558241319
1548-7091,Nature Methods,8.13062005968741
1548-7660,Journal of Statistical Software,4.01841838123969
1549-3636,Journal of Computer Science,0.36623489203246
1549-4950,AES: Journal of the Audio Engineering Society,0.702614864924706
1549-6325,ACM Transactions on Algorithms,1.72516137611355
1549-7747,IEEE Transactions on Circuits and Systems II: Express Briefs,1.46740956283855
1549-8328,IEEE Transactions on Circuits and Systems I: Regular Papers,1.68781254706358
1549-9596,Journal of Chemical Information and Modeling,1.33941320787115
1549-9618,Journal of Chemical Theory and Computation,1.47519544564843
1550-1329,International Journal of Distributed Sensor Networks,0.738671176073785
1550-3585,Annual Review of Law and Social Science,1.8572233721162
1550-4646,Journal of Mobile Multimedia,0.350708942150382
1550-4832,ACM Journal on Emerging Technologies in Computing Systems,0.883816417143147
1550-4859,ACM Transactions on Sensor Networks,1.15184059420677
1551-305X,Foundations and Trends in Theoretical Computer Science,1.75709336897522
1551-3203,IEEE Transactions on Industrial Informatics,3.47121484593713
1551-6857,"ACM Transactions on Multimedia Computing, Communications and Applications",1.36843874810621
1552-3098,IEEE Transactions on Robotics,3.59712368816663
1552-4922,Cytometry. Part A : the journal of the International Society for Analytical Cytology,1.26632573190486
1552-6283,International Journal on Semantic Web and Information Systems,0.704460927566728
1553-3506,Surgical Innovation,0.876648322664559
1553-877X,IEEE Communications Surveys and Tutorials,11.3147836538624
1554-0669,Foundations and Trends in Information Retrieval,6.54274396241693
1556-1801,Networks and Heterogeneous Media,0.855310017668705
1556-4665,ACM Transactions on Autonomous and Adaptive Systems,1.06169636026767
1556-4673,Journal on Computing and Cultural Heritage,1.9715878706935
1556-4681,ACM Transactions on Knowledge Discovery from Data,2.00804528217717
1556-4959,Journal of Field Robotics,2.76093828244637
1556-6013,IEEE Transactions on Information Forensics and Security,3.24435232335754
1556-603X,IEEE Computational Intelligence Magazine,5.75101591300129
1556-6056,IEEE Computer Architecture Letters,0.907567444579185
1556-6072,IEEE Vehicular Technology Magazine,2.83402592379246
1556-8598,PET Clinics,0.755383818543474
1557-2064,Sensing and Imaging,0.585421701073597
1557-3958,International Journal of Cognitive Informatics and Natural Intelligence,0.333584710427728
1559-1131,ACM Transactions on the Web,1.47092017277952
1559-128X,Applied Optics,0.990652872228522
1559-2332,Simulation in Healthcare,1.22348906688426
1560-3547,Regular and Chaotic Dynamics,1.13048092081228
1560-7534,Journal of Computational Technologies,0.49778482960308
1561-8625,Asian Journal of Control,1.30714416495985
1562-2479,International Journal of Fuzzy Systems,1.25030273677709
1566-2535,Information Fusion,5.03158393200541
1567-133X,Gene Expression Patterns,0.408236811807238
1567-2190,Foundations and Trends in Communications and Information Theory,4.40646467063418
1567-4223,Electronic Commerce Research and Applications,1.99076049453235
1567-567X,Journal of Pharmacokinetics and Pharmacodynamics,0.999767301826871
1567-7818,Natural Computing,1.2319029763186
1568-4946,Applied Soft Computing Journal,2.39617599320632
1568-9883,Harmful Algae,1.52741669414524
1569-190X,Simulation Modelling Practice and Theory,1.55413594804286
1569-8025,Journal of Computational Electronics,0.991310386352251
1569-8432,International Journal of Applied Earth Observation and Geoinformation,2.02458198931076
1570-0755,Quantum Information Processing,0.805192324169256
1570-2820,Journal of Numerical Mathematics,2.72408776812941
1570-7873,Journal of Grid Computing,1.5907468729014
1570-8268,Web Semantics,2.47008703522665
1570-8667,Journal of Discrete Algorithms,0.895926499472326
1570-8705,Ad Hoc Networks,1.55723926358476
1571-0645,Physics of Life Reviews,3.46355158266919
1571-0653,Electronic Notes in Discrete Mathematics,0.711554899682152
1571-0661,Electronic Notes in Theoretical Computer Science,0.885465593506906
1572-2740,Foundations and Trends in Computer Graphics and Vision,4.07423006569401
1572-5286,Discrete Optimization,1.22449119827964
1573-4056,Current Medical Imaging,0.402739586913415
1573-4277,Optical Switching and Networking,1.14699868610727
1574-0137,Computer Science Review,4.79037396655754
1574-017X,Mobile Information Systems,0.84164504388384
1574-020X,Language Resources and Evaluation,1.89541452227764
1574-1192,Pervasive and Mobile Computing,1.22281115244731
1574-8936,Current Bioinformatics,0.639345199998301
1574-9541,Ecological Informatics,1.43569927987418
1582-7445,Advances in Electrical and Computer Engineering,0.544940758361811
1598-0316,Journal of Information Display,1.20636544043874
1598-6446,"International Journal of Control, Automation and Systems",1.07497525493983
1607-9264,Journal of Internet Technology,0.442778759832944
1609-4840,Computational Methods in Applied Mathematics,0.961554600365078
1612-2011,Laser Physics Letters,0.670325784732842
1615-147X,Structural and Multidisciplinary Optimization,1.68065944793922
1615-3375,Foundations of Computational Mathematics,2.48655817411131
1615-5262,International Journal of Information Security,1.29592281831263
1615-5289,Universal Access in the Information Society,2.01467559513235
1615-9853,Proteomics,0.831073950950485
1617-4909,Personal and Ubiquitous Computing,1.13566698700512
1617-7959,Biomechanics and Modeling in Mechanobiology,1.33403181402384
1617-9625,Tobacco Induced Diseases,1.36963690399622
1617-9846,Information Systems and e-Business Management,1.21060676505044
1619-1366,Software and Systems Modeling,1.74362178263795
1619-697X,Computational Management Science,0.741689748820326
1631-0705,Comptes Rendus Physique,0.140900716060814
1631-0721,Comptes Rendus - Mecanique,0.84708813220159
1631-073X,Comptes Rendus Mathematique,0.882788588337552
1633-1311,Ingenierie des Systemes d'Information,0.579109437218667
1646-9895,RISTI - Revista Iberica de Sistemas e Tecnologias de Informacao,0.257258191580697
1647-0818,Linguamatica,0.405705965181772
1658-0311,Scientific Journal of King Faisal University,0.174501223937699
1661-8270,Mathematics in Computer Science,0.737625758432951
1662-5099,Frontiers in Molecular Neuroscience,1.32713942925484
1662-5110,Frontiers in Neural Circuits,1.11857594458141
1662-5137,Frontiers in Systems Neuroscience,1.01629397563821
1662-5161,Frontiers in Human Neuroscience,1.24945070233685
1662-5188,Frontiers in Computational Neuroscience,1.11392086659271
1662-5196,Frontiers in Neuroinformatics,1.56340877465836
1662-5218,Frontiers in Neurorobotics,1.3643266341948
1664-042X,Frontiers in Physiology,1.42203882970467
1664-1078,Frontiers in Psychology,1.60463805520151
1664-2295,Frontiers in Neurology,1.28021633495189
1664-2368,Analysis and Mathematical Physics,1.22393492023753
1664-302X,Frontiers in Microbiology,1.49731991200763
1664-462X,Frontiers in Plant Science,1.82721824813144
1671-9433,Journal of Marine Science and Application,1.00597101724762
1673-5447,China Communications,1.14873253105536
1674-0068,Chinese Journal of Chemical Physics,0.3224693164166
1674-1056,Chinese Physics B,0.529171709451611
1674-7283,Science China Mathematics,1.06444524750895
1674-733X,Science China Information Sciences,1.49442307719077
1674-7348,"Science China: Physics, Mechanics and Astronomy",1.21714763903547
1678-5878,Journal of the Brazilian Society of Mechanical Sciences and Engineering,0.88805995927825
1684-4769,International Journal of Computer Science in Sport,0.813133707272266
1686-4360,Computer-Aided Design and Applications,0.485378481480829
1687-4188,International Journal of Biomedical Imaging,1.59440114594136
1687-5966,International Journal of Aerospace Engineering,0.850843342299842
1687-7047,International Journal of Computer Games Technology,2.59440427029137
1687-7357,Advances in High Energy Physics,0.622710808619263
1687-9120,Advances in Mathematical Physics,0.560043321758558
1687-9384,International Journal of Optics,0.565369506470995
1738-494X,Journal of Mechanical Science and Technology,0.946336793307874
1741-2560,Journal of Neural Engineering,1.65694650230053
1741-5977,Inverse Problems in Science and Engineering,1.03848758340857
1741-7007,BMC Biology,1.51107275535042
1742-5468,Journal of Statistical Mechanics: Theory and Experiment,0.806145500743331
1742-5689,Journal of the Royal Society Interface,1.56164730897056
1742-6588,Journal of Physics: Conference Series,0.394915398743675
1742-7061,Acta Biomaterialia,1.83381296742528
1742-7185,International Journal of Computational Science and Engineering,0.459753403153733
1743-0003,Journal of NeuroEngineering and Rehabilitation,1.93925075818831
1744-2370,International Journal of Services and Operations Management,0.521432771828293
1744-5485,International Journal of Bioinformatics Research and Applications,0.305030126401343
1744-5760,"International Journal of Parallel, Emergent and Distributed Systems",0.67649887020657
1744-683X,Soft Matter,1.01657925694205
1745-2473,Nature Physics,4.68337244116965
1745-3925,Monthly Notices of the Royal Astronomical Society: Letters,0.9085491493729
1745-6150,Biology Direct,1.02742218919628
1745-9737,Journal of Mathematics and Music,0.958372910859818
1746-4811,Plant Methods,1.93446697089091
1746-725X,International Journal of Mobile Learning and Organisation,1.3577906505829
1746-8094,Biomedical Signal Processing and Control,1.85523140277792
1748-0221,Journal of Instrumentation,0.711069741082228
1748-0671,International Journal of System of Systems Engineering,0.395440973951292
1748-0698,International Journal of Signal and Imaging Systems Engineering,0.411065049844331
1748-3182,Bioinspiration and Biomimetics,1.30133896987383
1748-9326,Environmental Research Letters,1.79473200856031
1748-9725,Journal of Location Based Services,1.10471666861585
1751-1577,Journal of Informetrics,2.22820859012436
1751-3472,Journal of Mathematics and the Arts,0.446577349030538
1751-570X,Nonlinear Analysis: Hybrid Systems,1.64854981045462
1751-8113,Journal of Physics A: Mathematical and Theoretical,0.992162605991733
1751-858X,"IET Circuits, Devices and Systems",0.751290861889323
1751-8628,IET Communications,0.598867692173263
1751-8644,IET Control Theory and Applications,0.878911762662557
1751-8687,"IET Generation, Transmission and Distribution",1.09333450754466
1751-8725,"IET Microwaves, Antennas and Propagation",0.890678217004468
1751-8806,IET Software,0.824502798916692
1751-8849,IET Systems Biology,0.496583152875408
1751-956X,IET Intelligent Transport Systems,1.06963728720319
1751-9632,IET Computer Vision,0.806793179769291
1751-9659,IET Image Processing,0.827738184670859
1751-9675,IET Signal Processing,0.759044764456786
1752-9131,International Journal of Computational Vision and Robotics,0.26905312268236
1753-3309,"International Journal of Oil, Gas and Coal Technology",0.359653291221162
1754-3916,International Journal of Communication Networks and Distributed Systems,0.569044032888285
1755-0203,Review of Symbolic Logic,1.84429306331448
1755-375X,Acta Ophthalmologica,1.66601371526344
1755-4535,IET Power Electronics,0.894327230644847
1755-5817,CIRP Journal of Manufacturing Science and Technology,1.59275065277123
1756-0381,BioData Mining,0.946791017727876
1756-8757,Topics in Cognitive Science,1.75021276068951
1757-8981,IOP Conference Series: Materials Science and Engineering,0.344440733077951
1758-0463,Database : the journal of biological databases and curation,0.998540947563537
1758-2946,Journal of Cheminformatics,2.238995313757
1759-2879,Research Synthesis Methods,2.78840938285086
1793-0057,New Mathematics and Natural Computation,1.15532652897531
1793-351X,International Journal of Semantic Computing,0.393938035314508
1793-8309,"Discrete Mathematics, Algorithms and Applications",0.958180494176973
1793-9623,"International Journal of Modeling, Simulation, and Scientific Computing",0.567774391866128
1815-0659,"Symmetry, Integrability and Geometry: Methods and Applications (SIGMA)",0.822321662635978
1815-2406,Communications in Computational Physics,0.863693620640993
1843-8121,Scientific Annals of Computer Science,0.40817969935804
1845-6421,Journal of Communications Software and Systems,0.515711295436677
1860-5974,Logical Methods in Computer Science,1.02372520303215
1860-7179,ChemMedChem,0.885511472085038
1861-2776,Intelligent Service Robotics,1.34164764424413
1861-6410,International journal of computer assisted radiology and surgery,1.39733807443207
1861-8200,Journal of Real-Time Image Processing,1.00806603672715
1862-2976,Journal of Mathematical Cryptology,0.677267168989014
1862-4472,Optimization Letters,1.05627374486971
1862-5347,Advances in Data Analysis and Classification,1.64006620925976
1863-1703,"Signal, Image and Video Processing",0.785369775539604
1865-0473,Earth Science Informatics,0.893883449879064
1865-9284,Memetic Computing,1.52221358110913
1866-9298,Applied Geomatics,1.01586743284669
1866-9956,Cognitive Computation,1.51549510482892
1867-0717,European Transport Research Review,1.74390314887144
1867-4828,Journal of Internet Services and Applications,2.01477880985895
1868-1743,Molecular Informatics,1.005047441968
1868-3967,Energy Systems,0.910949623100175
1868-5137,Journal of Ambient Intelligence and Humanized Computing,1.68991053376252
1868-6478,Evolving Systems,1.04396352695657
1868-7865,Journal of the Knowledge Economy,0.947702949058073
1868-8071,International Journal of Machine Learning and Cybernetics,1.31984186869268
1869-408X,Cardiovascular Engineering and Technology,1.07530880535133
1869-4187,SERIEs,0.845266558334443
1869-5450,Social Network Analysis and Mining,1.24829231170101
1871-4080,Cognitive Neurodynamics,1.50832324448144
1872-4981,Intelligent Decision Technologies,0.465702675902052
1874-4907,Physical Communication,0.817174175802852
1874-5482,International Journal of Critical Infrastructure Protection,1.78367456174486
1874-7655,Statistical Journal of the IAOS,0.649759199468243
1874-8961,Mathematical Geosciences,1.44665236315881
1875-4791,International Journal of Social Robotics,2.35471784887775
1875-9521,Entertainment Computing,1.26579419550425
1876-0341,Journal of Infection and Public Health,2.01769175245264
1877-0533,Set-Valued and Variational Analysis,1.37107901282634
1877-7503,Journal of Computational Science,1.72960544524179
1878-7789,Nano Communication Networks,1.15335978827316
1899-2358,"Acta Physica Polonica B, Proceedings Supplement",0.193334366928798
1930-5346,Advances in Mathematics of Communications,0.985116392625028
1930-8337,Inverse Problems and Imaging,0.873811164505343
1931-3195,Journal of Applied Remote Sensing,0.576904893465683
1931-4973,IEEJ Transactions on Electrical and Electronic Engineering,0.561785084254337
1931-7557,Brain Imaging and Behavior,1.05739555576823
1931-7573,Nanoscale Research Letters,1.24043598278068
1932-1864,Statistical Analysis and Data Mining,0.776302152320767
1932-2054,Global Business and Organizational Excellence,0.578869658010108
1932-4537,IEEE Transactions on Network and Service Management,1.69751223961374
1932-4545,IEEE Transactions on Biomedical Circuits and Systems,1.93972059203105
1932-4553,IEEE Journal on Selected Topics in Signal Processing,2.97652873455811
1932-6157,Annals of Applied Statistics,1.32340610000252
1932-6181,"Journal of Medical Devices, Transactions of the ASME",0.458203592072783
1932-6203,PLoS ONE,1.36815715967484
1932-8184,IEEE Systems Journal,1.4424838893157
1932-8346,Foundations and Trends in Signal Processing,2.75252376813312
1933-1681,Journal of Information Technology and Politics,1.521364378508
1935-0090,Applied Mathematics and Information Sciences,0.528026758394169
1935-3812,Swarm Intelligence,1.25652594863166
1935-8237,Foundations and Trends in Machine Learning,21.0849773113179
1936-0975,Bayesian Analysis,2.24488995847063
1936-1610,Journal of Applied Security Research,0.78915931149572
1936-1955,Journal of Data and Information Quality,1.69010324967474
1936-2447,Cryptography and Communications,1.06183679032423
1936-4954,SIAM Journal on Imaging Sciences,1.28711263655722
1936-6442,Peer-to-Peer Networking and Applications,1.04532745993671
1936-7228,ACM Transactions on Accessible Computing,0.864137099363587
1936-7406,ACM Transactions on Reconfigurable Technology and Systems,1.44163951768241
1937-3333,IEEE Reviews in Biomedical Engineering,3.59523059702505
1938-7857,Journal of Information Technology Research,0.673537051541958
1939-0114,Security and Communication Networks,1.07458001751774
1939-1374,IEEE Transactions on Services Computing,3.48457927453059
1939-1382,IEEE Transactions on Learning Technologies,2.04393696929688
1939-1390,IEEE Intelligent Transportation Systems Magazine,1.84550209028089
1939-1404,IEEE Journal of Selected Topics in Applied Earth Observations and Remote Sensing,1.51182408516971
1939-1412,IEEE Transactions on Haptics,1.43483920205309
1939-5108,Wiley Interdisciplinary Reviews: Computational Statistics,1.79137695943083
1939-8018,Journal of Signal Processing Systems,0.599919231234642
1940-1493,Journal of Building Performance Simulation,1.05999104847533
1941-1383,Annual Review of Economics,4.27764192525044
1941-4889,Journal of Geometric Mechanics,0.815878719036687
1941-6237,International Journal of Ambient Computing and Intelligence,1.16530419167316
1942-2466,Journal of Advances in Modeling Earth Systems,1.80957945448294
1942-3454,ACM Transactions on Computation Theory,0.747573470905917
1942-3926,International Journal of Open Source Software and Processes,0.391080490792637
1942-4302,Journal of Mechanisms and Robotics,1.36356654511083
1942-4787,Wiley Interdisciplinary Reviews: Data Mining and Knowledge Discovery,5.66169462167676
1942-7867,Transportation Letters,1.29184131828331
1943-0620,Journal of Optical Communications and Networking,1.80097007601629
1943-0655,IEEE Photonics Journal,0.837593869293463
1943-0663,IEEE Embedded Systems Letters,0.79480670109975
1943-9342,Journal of Development Effectiveness,0.718920872306634
1944-7442,Environmental Progress and Sustainable Energy,0.721709424846809
1945-497X,SIAM Journal on Financial Mathematics,1.27358739937588
1949-2553,Oncotarget,1.01863775578289
1949-3029,IEEE Transactions on Sustainable Energy,2.54268016592951
1949-3045,IEEE Transactions on Affective Computing,3.76758026854997
1949-3053,IEEE Transactions on Smart Grid,3.08236236862915
1949-307X,IEEE Magnetics Letters,0.59777390142195
1951-6355,European Physical Journal: Special Topics,0.863065573310459
1955-2513,International Journal on Interactive Design and Manufacturing,1.00379177502299
1972-6724,Bolletino dell Unione Matematica Italiana,0.900126693711202
1975-0102,Journal of Electrical Engineering and Technology,0.550716024895845
1976-7277,KSII Transactions on Internet and Information Systems,0.408358540378677
1994-2060,Engineering Applications of Computational Fluid Mechanics,2.42654680157495
1994-9197,"Vestnik Udmurtskogo Universiteta: Matematika, Mekhanika, Komp'yuternye Nauki",0.627038617982992
1995-0802,Lobachevskii Journal of Mathematics,0.973708562921879
1996-1073,Energies,1.10443098461838
1996-1944,Materials,1.13720303765347
1998-4464,"International Journal of Circuits, Systems and Signal Processing",0.567244357917106
1999-4893,Algorithms,0.910940542709203
2010-3263,Random Matrices: Theory and Application,0.628547682465298
2040-7939,International Journal for Numerical Methods in Biomedical Engineering,1.15821483086163
2040-8978,Journal of Optics (United Kingdom),0.895316034263929
2041-1723,Nature Communications,3.34116916003264
2041-210X,Methods in Ecology and Evolution,3.01475034731878
2041-6520,Chemical Science,1.65989579268943
2041-8205,Astrophysical Journal Letters,1.41827522080041
2042-8898,Interface Focus,1.11738389734248
2045-2322,Scientific Reports,1.38932037439669
2046-0430,International Journal of Transportation Science and Technology,2.01536361581779
2047-4938,IET Biometrics,1.34639449560748
2047-4954,IET Networks,1.03896574359878
2048-8459,International Journal of Space Science and Engineering,0.399896702333421
2049-6427,International Journal of Intelligent Unmanned Systems,0.633849144256283
2050-084X,eLife,1.92715981649705
2050-1242,Network Science,1.16164964173855
2050-3806,Aslib Journal of Information Management,1.04776245536452
2051-1310,Journal of Complex Networks,0.925070235079766
2055-7671,Digital Scholarship in the Humanities,1.29647397946501
2056-4961,Information and Computer Security,0.945078937018065
2057-2085,Journal of Cybersecurity,2.27513338267091
2070-0466,"P-Adic Numbers, Ultrametric Analysis, and Applications",0.749163090985755
2071-0410,Prikladnaya Diskretnaya Matematika,0.626174981361919
2071-1050,Sustainability,1.31025385240239
2072-4292,Remote Sensing,1.54564157979865
2072-6694,Cancers,1.26494233716957
2073-4336,Games,0.798061100815508
2073-4441,Water (Switzerland),1.12782884366003
2073-4859,R Journal,2.99503515620106
2073-8994,Symmetry,1.12143789156764
2074-9090,International Journal of Computer Network and Information Security,1.38772847458822
2075-2180,"Electronic Proceedings in Theoretical Computer Science, EPTCS",0.648383265654182
2076-393X,Vaccines,1.16707546856576
2078-2489,Information (Switzerland),1.13287267515132
2081-8858,Operations Research and Decisions,0.122998790351201
2090-7141,Journal of Computer Networks and Communications,1.18278907606769
2093-274X,International Journal of Aeronautical and Space Sciences,0.863709276767156
2095-0462,Frontiers of Physics,0.963604972942066
2095-2228,Frontiers of Computer Science,1.18152582413285
2095-6983,Control Theory and Technology,0.622590787850183
2096-1790,Forensic Sciences Research,1.7674843204827
2150-704X,Remote Sensing Letters,0.827039090784828
2150-8097,Proceedings of the VLDB Endowment,2.46358231917172
2152-5080,International Journal for Uncertainty Quantification,0.726733645434235
2153-0785,Dynamic Games and Applications,1.72954651125425
2153-2648,International Journal of Prognostics and Health Management,0.633451057991858
2156-3357,IEEE Journal on Emerging and Selected Topics in Circuits and Systems,1.81011107213846
2156-7085,Biomedical Optics Express,1.45144775491969
2156-8472,Mathematical Control and Related Fields,1.14635079867602
2157-6904,ACM Transactions on Intelligent Systems and Technology,2.76612752261944
2158-107X,International Journal of Advanced Computer Science and Applications,0.527985408264082
2158-3188,Translational Psychiatry,1.75952831510856
2158-3226,AIP Advances,0.627890048300175
2158-5571,Algorithmic Finance,0.123107351048528
2158-656X,ACM Transactions on Management Information Systems,1.55981224247623
2160-3308,Physical Review X,3.33668647786389
2160-6455,ACM Transactions on Interactive Intelligent Systems,1.28765879537588
2162-2248,IEEE Consumer Electronics Magazine,1.55530781755862
2162-2337,IEEE Wireless Communications Letters,1.61571694099644
2162-237X,IEEE Transactions on Neural Networks and Learning Systems,3.30613336618914
2164-6457,Journal of Applied Nonlinear Dynamics,0.444420414937269
2164-8034,Information and Culture,0.460340890926986
2167-6461,Big Data,1.64719844640899
2167-8359,PeerJ,1.0736389306964
2167-8375,ACM Transactions on Economics and Computation,1.40791348186351
2168-0566,Transportmetrica B,1.25225709547481
2168-1163,Computer Methods in Biomechanics and Biomedical Engineering: Imaging and Visualization,0.898757334135297
2168-2194,IEEE Journal of Biomedical and Health Informatics,2.27352127876561
2168-2216,"IEEE Transactions on Systems, Man, and Cybernetics: Systems",2.99718711713783
2168-2267,IEEE Transactions on Cybernetics,3.67259939027775
2168-2291,IEEE Transactions on Human-Machine Systems,1.63639803767564
2168-2356,IEEE Design and Test,0.961927272729209
2168-2372,IEEE Journal of Translational Engineering in Health and Medicine,1.25222264434756
2168-6750,IEEE Transactions on Emerging Topics in Computing,1.61066051874783
2168-6831,IEEE Geoscience and Remote Sensing Magazine,4.44588397859505
2168-7161,IEEE Transactions on Cloud Computing,1.88851861887227
2169-3536,IEEE Access,1.32595352505941
2169-5172,Soft Robotics,2.79457760824803
2169-897X,Journal of Geophysical Research D: Atmospheres,1.38713500053683
2186-2982,International Journal of GEOMATE,0.720652194420337
2190-5452,Journal of Civil Structural Health Monitoring,1.42986331596874
2190-5983,Journal of Mathematics in Industry,0.795228516357837
2190-7188,Health and Technology,0.785340715925744
2190-8508,Journal of Cryptographic Engineering,1.80710206269657
2190-8567,Journal of Mathematical Neuroscience,1.31762621145093
2192-4376,EURO Journal on Transportation and Logistics,1.46898757861413
2192-4406,EURO Journal on Computational Optimization,1.11088029441581
2192-6352,Progress in Artificial Intelligence,1.61122881102037
2192-6611,International Journal of Multimedia Information Retrieval,2.21755214023976
2193-567X,Arabian Journal for Science and Engineering,1.03378771498892
2193-8407,Journal of Homotopy and Related Structures,0.777697684865478
2193-9764,Integrating Materials and Manufacturing Innovation,1.0444351103068
2194-0401,Stochastics and Partial Differential Equations: Analysis and Computations,1.12945103985991
2194-5403,Environment Systems and Decisions,1.14051832878924
2194-6418,Journal of Micro-Bio Robotics,0.464522431114457
2195-268X,International Journal of Dynamics and Control,0.886578460487675
2195-3880,"Journal of Control, Automation and Electrical Systems",0.752235827733774
2196-4378,Computational Particle Mechanics,1.05036309823007
2196-5625,Journal of Modern Power Systems and Clean Energy,1.60267469070909
2197-9987,Journal of Computers in Education,1.9282105718208
2198-3844,Advanced Science,2.23805193753914
2198-5804,Annals of Data Science,1.57730197227014
2199-160X,Advanced Electronic Materials,1.27453256714235
2199-4668,Journal of Reliable Intelligent Environments,1.12778081722345
2199-6792,Arnold Mathematical Journal,0.999104565605458
2210-5433,Philosophy and Technology,3.35937931294889
2210-6502,Swarm and Evolutionary Computation,2.99091683519329
2210-6707,Sustainable Cities and Society,2.53859109262415
2211-3568,Computability,1.51046911436237
2211-3711,Translation Spaces(Netherland),1.06620763645488
2211-6753,Spatial Statistics,1.35561872031387
2212-0548,Digital Applications in Archaeology and Cultural Heritage,1.64254686051104
2212-0955,Urban Climate,1.79333128753835
2212-683X,Biologically Inspired Cognitive Architectures,1.28394889413512
2212-8271,Procedia CIRP,0.898897320610128
2213-1337,Astronomy and Computing,0.847477630111938
2214-5796,Big Data Research,1.89919464548703
2234-943X,Frontiers in Oncology,1.1914645051148
2238-3603,Computational and Applied Mathematics,1.12836268129964
2251-1717,Journal of Astronomical Instrumentation,1.16271433545376
2254-3902,SeMA Journal,1.07839245610343
2301-3850,Unmanned Systems,1.13125564628937
2304-9650,European Journal of Contemporary Education,1.04198769705885
2305-221X,Vietnam Journal of Mathematics,0.752682310388579
2306-6172,Eurasian Journal of Mathematical and Computer Applications,0.795985307058222
2308-5827,"Annales de l'Institut Henri Poincare (D) Combinatorics, Physics and their Interactions",0.606418824737712
2314-4629,Journal of Mathematics,0.818133091138785
2321-6654,Journal of Scientometric Research,0.542266225075854
2325-5870,IEEE Transactions on Control of Network Systems,1.58443819187985
2325-6818,Foundations and Trends in Systems and Control,2.98351702759784
2326-263X,Brain-Computer Interfaces,0.637107458267942
2327-0012,Journal of Management Analytics,1.62339834939508
2327-4662,IEEE Internet of Things Journal,2.95223509476405
2327-4697,IEEE Transactions on Network Science and Engineering,1.43840715192632
2329-4124,"Journal of Astronomical Telescopes, Instruments, and Systems",1.08565343737713
2329-4302,Journal of Medical Imaging,1.00955536559429
2329-4949,ACM Transactions on Parallel Computing,1.09727896081947
2329-924X,IEEE Transactions on Computational Social Systems,1.48296359824126
2329-9266,IEEE/CAA Journal of Automatica Sinica,2.65126763899475
2329-9290,IEEE/ACM Transactions on Audio Speech and Language Processing,2.25122231504479
2330-1635,Journal of the Association for Information Science and Technology,1.67190688098148
2332-7766,IEEE Transactions on Multi-Scale Computing Systems,1.01660646708184
2333-9683,Annual Review of Linguistics,3.11623365554689
2334-2536,Optica,3.13489710545692
2352-2208,Journal of Logical and Algebraic Methods in Programming,1.17887449516728
2352-3409,Data in Brief,0.105561172364336
2352-4677,"Sustainable Energy, Grids and Networks",1.17536233283117
2363-7005,Business and Information Systems Engineering,2.23863624977453
2364-1185,Data Science and Engineering,2.33622577414505
2364-415X,International Journal of Data Science and Analytics,1.32902780961471
2374-0353,ACM Transactions on Spatial Algorithms and Systems,1.06040025244775
2375-4699,ACM Transactions on Asian and Low-Resource Language Information Processing,1.15764288746192
2378-962X,ACM Transactions on Cyber-Physical Systems,1.00341529683969
2379-8920,IEEE Transactions on Cognitive and Developmental Systems,1.3605197769736
2379-9927,International Journal of Computer Mathematics: Computer Systems Theory,0.479951808127576
2398-6247,Information Discovery and Delivery,0.805854239116961
2399-8083,Environment and Planning B: Urban Analytics and City Science,1.78662796197325
2405-8963,IFAC-PapersOnLine,0.441506491710934
2413-9351,Jordanian Journal of Computers and Information Technology,0.522971025418335
2452-414X,Journal of Industrial Information Integration,3.75128364734034
2469-9926,Physical Review A,0.928374845630502
2469-9950,Physical Review B,0.993500431543761
2470-0010,Physical Review D,1.22519962134541
2470-0045,Physical Review E,0.969346003633019
2470-1475,Internet Histories,0.809477229362448
2471-2566,ACM Transactions on Privacy and Security,1.98585430711155
2472-5579,IISE Transactions on Healthcare Systems Engineering,0.529557592954299
2472-5854,IISE Transactions,1.49928345603782
2472-6303,SLAS Technology,0.750365707007203
2475-1502,IEEE Transactions on Games,1.77126959719873
2475-1839,Journal of Information and Telecommunication,0.787368634708918
2511-2104,International Journal of Information Technology (Singapore),0.947495358411292
2523-8906,Journal of Membrane Computing,5.57327646975
2524-4906,Quantum Machine Intelligence,1.46165670953823
2524-4957,KN - Journal of Cartography and Geographic Information,1.77237722054822
2524-521X,CCF Transactions on Pervasive Computing and Interaction,0.899323687975144
2524-8510,Software-Intensive Cyber-Physical Systems,1.02632036331965
2590-0552,Journal of Computational Physics: X,1.68357152760582
2666-2558,Recent Advances in Computer Science and Communications,0.588681093600317
2667-3053,Intelligent Systems with Applications,2.91256815539905
2688-4534,Heat Transfer,0.994959246511125
8756-9728,Project Management Journal,1.69454334021049
